2022/02/24 13:00:25,0.0,0.0,0.0
2022/02/24 13:00:30,0.0,0.0,0.0
2022/02/24 13:00:40,0.0,0.0,0.0
2022/02/24 13:00:50,1.1,6.594235100444243,6.594235100444243
2022/02/24 13:01:02,8.4,72.90466191968686,72.90466191968686
2022/02/24 13:01:10,18.4,77.59423984385089,77.59423984385089
2022/02/24 13:02:45,31.4,136.25374459817024,136.25374459817024
2022/02/24 13:02:50,31.4,0.0,0.0
2022/02/24 13:03:00,31.4,0.0,0.0
2022/02/24 13:03:15,33.7,27.513048276250256,27.513048276250256
2022/02/24 13:03:20,39.5,69.68990243055131,69.68990243055131
2022/02/24 13:06:28,47.6,37.08345992518288,37.08345992518288
2022/02/24 13:06:30,47.5,-3.2932878800767327,-3.2932878800767327
2022/02/24 13:06:45,50.5,3.5004490693338517,3.5004490693338517
2022/02/24 13:06:50,50.8,4.0273792005837645,4.0273792005837645
2022/02/24 13:07:00,54.4,21.609683981421355,21.609683981421355
2022/02/24 13:07:10,62.8,50.35675084029388,50.35675084029388
2022/02/24 13:07:20,71.1,49.83051273962715,49.83051273962715
2022/02/24 13:07:30,78.7,45.6108549011618,45.6108549011618
2022/02/24 13:08:13,92.0,76.49711235895934,76.49711235895934
2022/02/24 13:08:20,95.0,29.592903642788915,29.592903642788915
2022/02/24 13:08:30,101.5,38.96418230502719,38.96418230502719
2022/02/24 13:08:40,107.6,36.600039267582076,36.600039267582076
2022/02/24 13:08:50,113.2,33.63142955647295,33.63142955647295
2022/02/24 13:09:00,114.0,4.795520160890943,4.795520160890943
2022/02/24 13:09:10,119.2,31.199488972451128,31.199488972451128
2022/02/24 13:09:20,125.8,39.617988323441274,39.617988323441274
2022/02/24 13:09:30,132.3,39.01905785606487,39.01905785606487
2022/02/24 13:09:40,143.2,65.33838634832252,65.33838634832252
2022/02/24 13:09:50,146.7,21.000403555041917,21.000403555041917
2022/02/24 13:10:00,150.6,23.399955926024514,23.399955926024514
2022/02/24 13:10:48,156.3,24.237874660263085,24.237874660263085
2022/02/24 13:10:50,157.0,30.73024627351983,30.73024627351983
2022/02/24 13:11:00,162.7,34.170141990090855,34.170141990090855
2022/02/24 13:11:10,163.5,4.800083085544657,4.800083085544657
2022/02/24 13:11:20,174.4,65.39860293511799,65.39860293511799
2022/02/24 13:11:30,175.3,5.400113298885929,5.400113298885929
2022/02/24 13:11:40,184.9,57.59877642369759,57.59877642369759
2022/02/24 13:11:50,189.5,27.600396142923273,27.600396142923273
2022/02/24 13:12:00,190.1,3.5999962234536347,3.5999962234536347
2022/02/24 13:12:10,194.5,26.399639344374112,26.399639344374112
2022/02/24 13:12:20,206.0,69.00007402904824,69.00007402904824
2022/02/24 13:12:30,206.9,5.400078149972879,5.400078149972879
2022/02/24 13:12:40,215.5,51.59939595929581,51.59939595929581
2022/02/24 13:12:50,216.2,4.200069495397257,4.200069495397257
2022/02/24 13:13:00,220.2,23.999544533790377,23.999544533790377
2022/02/24 13:13:10,231.2,66.02374258302163,66.02374258302163
2022/02/24 13:13:20,232.0,4.798348613685711,4.798348613685711
2022/02/24 13:13:30,235.8,22.799684176051535,22.799684176051535
2022/02/24 13:13:40,241.3,33.03088723249783,33.03088723249783
2022/02/24 13:13:50,247.1,34.80112261578786,34.80112261578786
2022/02/24 13:14:00,257.4,61.74020583864746,61.74020583864746
2022/02/24 13:14:10,261.0,21.62135121216446,21.62135121216446
2022/02/24 13:14:20,264.8,22.78050653552857,22.78050653552857
2022/02/24 13:14:30,269.1,25.79705206702818,25.79705206702818
2022/02/24 13:14:40,273.8,28.226523202239125,28.226523202239125
2022/02/24 13:14:50,278.5,28.173628600624482,28.173628600624482
2022/02/24 13:15:00,283.4,29.399950232589905,29.399950232589905
2022/02/24 13:15:10,288.2,28.827594544729692,28.827594544729692
2022/02/24 13:15:20,289.0,4.795343457611032,4.795343457611032
2022/02/24 13:15:30,294.0,29.99982190237871,29.99982190237871
2022/02/24 13:15:40,300.4,38.399938659765816,38.399938659765816
2022/02/24 13:15:50,311.8,68.40021689483775,68.40021689483775
2022/02/24 13:16:01,315.6,35.864608517089394,35.864608517089394
2022/02/24 13:16:10,316.5,6.086566122543321,6.086566122543321
2022/02/24 13:17:27,326.3,63.26896768815291,63.26896768815291
2022/02/24 13:17:30,328.9,58.015965239617486,58.015965239617486
2022/02/24 13:17:40,330.5,9.60258591670835,9.60258591670835
2022/02/24 13:17:50,336.1,33.56650395338623,33.56650395338623
2022/02/24 13:18:00,342.7,39.6000726987264,39.6000726987264
2022/02/24 13:18:10,354.1,68.46778537721151,68.46778537721151
2022/02/24 13:18:20,357.6,20.998738364680314,20.998738364680314
2022/02/24 13:18:30,361.4,22.8000652315096,22.8000652315096
2022/02/24 13:18:40,362.0,3.5991499619598994,3.5991499619598994
2022/02/24 13:18:51,370.4,24.217210494518316,24.217210494518316
2022/02/24 13:18:51,370.5,24.407782619624864,24.407782619624864
2022/02/24 13:18:51,370.6,24.605274133257936,24.605274133257936
2022/02/24 13:18:51,370.7,24.78707440471147,24.78707440471147
2022/02/24 13:18:51,370.8,24.952603998829996,24.952603998829996
2022/02/24 13:18:52,370.9,25.139331012701668,25.139331012701668
2022/02/24 13:19:22,373.9,24.197718232150812,24.197718232150812
2022/02/24 13:19:22,374.1,25.514581708037653,25.514581708037653
2022/02/24 13:19:22,374.2,25.65631283670766,25.65631283670766
2022/02/24 13:19:22,374.3,25.820633192101027,25.820633192101027
2022/02/24 13:19:22,374.4,25.98482985813283,25.98482985813283
2022/02/24 13:19:23,374.5,26.113352809665912,26.113352809665912
2022/02/24 13:21:00,377.3,25.631584848864904,25.631584848864904
2022/02/24 13:21:10,383.0,34.182055314160216,34.182055314160216
2022/02/24 13:21:20,388.4,32.36884126743845,32.36884126743845
2022/02/24 13:21:30,389.2,4.799996566774984,4.799996566774984
2022/02/24 13:21:40,394.2,29.999469289631534,29.999469289631534
2022/02/24 13:21:50,406.3,72.59999307632526,72.59999307632526
2022/02/24 13:22:46,409.1,21.511491296316034,21.511491296316034
2022/02/24 13:22:50,411.7,49.86770191722391,49.86770191722391
2022/02/24 13:23:00,413.5,10.792603716820873,10.792603716820873
2022/02/24 13:23:10,419.0,32.999971675897115,32.999971675897115
2022/02/24 13:23:20,424.6,33.60002323152255,33.60002323152255
2022/02/24 13:23:30,430.1,33.000012588505776,33.000012588505776
2022/02/24 13:23:40,435.5,32.399939746968606,32.399939746968606
2022/02/24 13:23:50,441.0,33.00004327302885,33.00004327302885
2022/02/24 13:24:00,446.5,33.000011801723886,33.000011801723886
2022/02/24 13:24:10,452.0,33.00002439023867,33.00002439023867
2022/02/24 13:24:20,457.3,31.831473231945154,31.831473231945154
2022/02/24 13:24:30,462.8,32.99799068288316,32.99799068288316
2022/02/24 13:24:40,468.2,32.36986440502898,32.36986440502898
2022/02/24 13:24:50,473.6,32.43237667187778,32.43237667187778
2022/02/24 13:25:00,483.8,61.19858906184135,61.19858906184135
2022/02/24 13:25:10,489.1,31.769608217236865,31.769608217236865
2022/02/24 13:25:32,492.3,2.2977176690938896,2.2977176690938896
2022/02/24 13:26:00,495.0,5.868910527203506,5.868910527203506
2022/02/24 13:26:30,525.7,61.42251409844764,61.42251409844764
2022/02/24 13:27:00,526.5,1.5992964088812043,1.5992964088812043
2022/02/24 13:27:30,558.5,63.999752808571934,63.999752808571934
2022/02/24 13:28:00,574.8,32.614038416136765,32.614038416136765
2022/02/24 13:28:30,575.5,1.3996137937663244,1.3996137937663244
2022/02/24 13:28:58,602.9,136.2630248469148,136.2630248469148
2022/02/24 13:29:00,605.4,122.92211042611082,122.92211042611082
2022/02/24 13:29:16,608.8,24.456210741202426,24.456210741202426
2022/02/24 13:29:20,609.6,12.094831863492747,12.094831863492747
2022/02/24 13:29:30,611.7,12.587933086738282,12.587933086738282
2022/02/24 13:29:40,617.0,31.8307394051455,31.8307394051455
2022/02/24 13:29:50,622.5,33.000139260879735,33.000139260879735
2022/02/24 13:30:00,628.0,32.96752454729746,32.96752454729746
2022/02/24 13:30:10,633.4,32.4004820323177,32.4004820323177
2022/02/24 13:30:20,638.8,32.3998887638095,32.3998887638095
2022/02/24 13:30:30,644.2,32.43026063705862,32.43026063705862
2022/02/24 13:30:40,649.5,31.800662655333266,31.800662655333266
2022/02/24 13:30:50,654.9,32.40065893559614,32.40065893559614
2022/02/24 13:31:00,665.0,60.59889329070437,60.59889329070437
2022/02/24 13:31:10,665.8,4.796530029518673,4.796530029518673
2022/02/24 13:31:20,675.9,60.585979854572706,60.585979854572706
2022/02/24 13:31:30,676.7,4.800652172949281,4.800652172949281
2022/02/24 13:31:40,686.7,60.00003004075601,60.00003004075601
2022/02/24 13:31:50,692.2,33.01333582279314,33.01333582279314
2022/02/24 13:32:06,697.7,56.18344285869463,56.18344285869463
2022/02/24 13:32:10,701.6,62.79506421306188,62.79506421306188
2022/02/24 13:32:20,706.9,31.810221914552518,31.810221914552518
2022/02/24 13:32:30,707.7,4.800067406647675,4.800067406647675
2022/02/24 13:32:40,717.5,58.74337851270382,58.74337851270382
2022/02/24 13:32:50,718.3,4.8001049446159065,4.8001049446159065
2022/02/24 13:33:00,723.6,31.830052707607535,31.830052707607535
2022/02/24 13:33:10,728.9,31.800849174286455,31.800849174286455
2022/02/24 13:33:20,734.2,31.768550354294923,31.768550354294923
2022/02/24 13:33:30,739.5,31.82972228295619,31.82972228295619
2022/02/24 13:33:40,749.5,60.002603643861576,60.002603643861576
2022/02/24 13:33:50,750.2,4.195956807367441,4.195956807367441
2022/02/24 13:34:00,755.4,31.199465169537685,31.199465169537685
2022/02/24 13:41:22,760.4,-3.588329278782367,-3.588329278782367
2022/02/24 13:41:30,760.5,0.7631515839616876,0.7631515839616876
2022/02/24 13:44:13,760.4,1.1484384668885306,1.1484384668885306
2022/02/24 13:44:13,760.4,1.1040620651652875,1.1040620651652875
2022/02/24 13:44:14,760.4,1.0659200289242097,1.0659200289242097
2022/02/24 13:44:14,760.4,1.0280341640129855,1.0280341640129855
2022/02/24 13:44:14,760.4,0.9948870843099652,0.9948870843099652
2022/02/24 13:44:14,760.4,0.9629814721009973,0.9629814721009973
2022/02/24 13:44:36,762.1,21.89718608607555,21.89718608607555
2022/02/24 13:44:40,764.0,33.60561630148784,33.60561630148784
2022/02/24 13:44:50,769.6,33.56833888325177,33.56833888325177
2022/02/24 13:45:00,770.5,5.40502989594681,5.40502989594681
2022/02/24 13:45:10,775.8,31.769836749099873,31.769836749099873
2022/02/24 13:47:47,787.5,24.16762181129361,24.16762181129361
2022/02/24 13:47:47,787.6,24.338846420503074,24.338846420503074
2022/02/24 13:47:47,787.7,24.58652589761561,24.58652589761561
2022/02/24 13:47:47,787.8,24.77450857255389,24.77450857255389
2022/02/24 13:47:48,787.9,24.934987851267138,24.934987851267138
2022/02/24 13:47:48,788.1,26.049832794345516,26.049832794345516
2022/02/24 13:48:06,789.2,4.780767752104596,4.780767752104596
2022/02/24 13:48:10,793.0,69.14845718817499,69.14845718817499
2022/02/24 13:48:20,798.6,33.578406982585705,33.578406982585705
2022/02/24 13:48:30,803.8,31.203656529708535,31.203656529708535
2022/02/24 13:48:40,804.5,4.2025464944641175,4.2025464944641175
2022/02/24 13:48:50,810.1,33.60722254524299,33.60722254524299
2022/02/24 13:49:00,815.6,32.99395469327408,32.99395469327408
2022/02/24 13:49:10,821.1,33.00599793711368,33.00599793711368
2022/02/24 13:49:20,826.6,32.968418952544326,32.968418952544326
2022/02/24 13:49:30,831.9,31.799943895438677,31.799943895438677
2022/02/24 13:49:40,837.4,32.99997560979738,32.99997560979738
2022/02/24 13:49:50,842.9,33.027009474086064,33.027009474086064
2022/02/24 13:50:26,850.9,32.2701378814514,32.2701378814514
2022/02/24 13:50:30,853.5,49.25393774329712,49.25393774329712
2022/02/24 13:50:40,860.0,39.00983452773801,39.00983452773801
2022/02/24 13:50:50,865.1,30.57214739569953,30.57214739569953
2022/02/24 13:51:00,869.9,28.827170766398826,28.827170766398826
2022/02/24 13:51:10,875.0,30.571175235104157,30.571175235104157
2022/02/24 13:51:20,880.0,30.000042200147863,30.000042200147863
2022/02/24 13:51:30,880.8,4.800008468642598,4.800008468642598
2022/02/24 13:51:40,885.6,28.799401257565513,28.799401257565513
2022/02/24 13:51:50,891.4,34.79999087333891,34.79999087333891
2022/02/24 13:52:00,902.1,64.2634958218064,64.2634958218064
2022/02/24 13:52:22,903.2,2.295009973596688,2.295009973596688
2022/02/24 13:52:30,905.8,21.611418160229505,21.611418160229505
2022/02/24 13:52:40,909.8,23.98466270831824,23.98466270831824
2022/02/24 13:52:50,915.5,34.17243183669932,34.17243183669932
2022/02/24 13:53:00,921.3,34.85660671631026,34.85660671631026
2022/02/24 13:53:10,926.9,33.56956707910037,33.56956707910037
2022/02/24 13:53:20,936.5,56.546758807265476,56.546758807265476
2022/02/24 13:53:30,940.6,24.567983688820803,24.567983688820803
2022/02/24 13:53:40,945.0,26.404501156407896,26.404501156407896
2022/02/24 13:53:50,949.0,23.976294685261177,23.976294685261177
2022/02/24 13:54:00,949.7,4.293407812520728,4.293407812520728
2022/02/24 13:54:10,954.3,27.582118954741446,27.582118954741446
2022/02/24 13:54:20,954.6,1.7982355074756502,1.7982355074756502
2022/02/24 13:54:30,954.6,0.0,0.0
2022/02/24 13:54:40,954.5,-0.6000150207466485,-0.6000150207466485
2022/02/24 13:54:50,166.9,-4725.324995653286,-4725.324995653286
2022/02/24 13:55:04,953.5,1.1080393470758174,1.1080393470758174
2022/02/24 13:55:10,953.9,4.2805333830909955,4.2805333830909955
2022/02/24 13:55:26,955.7,17.844946830988338,17.844946830988338
2022/02/24 13:55:30,956.6,14.841558016052634,14.841558016052634
2022/02/24 13:55:40,958.7,12.602723180775477,12.602723180775477
2022/02/24 13:55:50,964.4,34.19734610649124,34.19734610649124
2022/02/24 13:56:00,970.9,39.002920822484576,39.002920822484576
2022/02/24 13:56:10,977.1,37.19648104579977,37.19648104579977
2022/02/24 13:56:20,987.2,59.47195660428861,59.47195660428861
2022/02/24 13:56:30,991.4,25.182715006295837,25.182715006295837
2022/02/24 13:59:01,997.2,23.31039945482299,23.31039945482299
2022/02/24 13:59:10,1001.8,32.87411038500026,32.87411038500026
2022/02/24 13:59:20,1007.2,32.37293189236063,32.37293189236063
2022/02/24 13:59:30,1012.5,31.76376663649715,31.76376663649715
2022/02/24 13:59:40,1013.3,4.903231733264855,4.903231733264855
2022/02/24 13:59:50,1023.0,56.9445226617088,56.9445226617088
2022/02/24 14:00:00,1023.8,4.90332679050113,4.90332679050113
2022/02/24 14:52:59,1028.1,-9.534787598155951,-9.534787598155951
2022/02/24 14:56:59,1159.1,387.26702001437724,387.26702001437724
2022/02/24 14:57:00,1161.4,145.72516714687822,145.72516714687822
2022/02/24 14:57:10,1166.5,30.012225896013664,30.012225896013664
2022/02/24 14:57:20,1171.6,30.59936894287685,30.59936894287685
2022/02/24 14:57:30,1176.8,31.159871757674708,31.159871757674708
2022/02/24 14:57:40,1181.8,30.002333345684377,30.002333345684377
2022/02/24 14:57:50,1182.6,4.902571330539632,4.902571330539632
2022/02/24 14:58:00,1192.0,55.71666090560552,55.71666090560552
2022/02/24 15:12:20,0.0,0.0,0.0
2022/02/24 15:12:37,1505.4,27.783157464105756,27.783157464105756
2022/02/24 15:12:40,1506.2,18.98792648106434,18.98792648106434
2022/02/24 15:12:50,1511.9,33.613091759314976,33.613091759314976
2022/02/24 15:13:00,1512.8,5.490943409847622,5.490943409847622
2022/02/24 15:13:10,1517.9,30.624996188152778,30.624996188152778
2022/02/24 15:13:20,1523.1,31.169647838432528,31.169647838432528
2022/02/24 15:13:30,1528.3,31.201836713191422,31.201836713191422
2022/02/24 15:13:40,1533.5,31.199490460134655,31.199490460134655
2022/02/24 15:13:50,1538.6,30.600240027402545,30.600240027402545
2022/02/24 15:14:00,1548.3,57.229974484431466,57.229974484431466
2022/02/24 15:14:10,1553.5,31.192769067439286,31.192769067439286
2022/02/24 15:14:20,1558.6,30.62171472695114,30.62171472695114
2022/02/24 15:14:30,1563.8,31.18346667452105,31.18346667452105
2022/02/24 15:14:40,1564.5,4.277031151199371,4.277031151199371
2022/02/24 15:14:50,1569.6,30.567797548711056,30.567797548711056
2022/02/24 15:15:00,1574.8,31.25930191644437,31.25930191644437
2022/02/24 15:15:10,1580.0,31.13947471293245,31.13947471293245
2022/02/24 15:15:20,1585.2,31.202389480472153,31.202389480472153
2022/02/24 15:15:30,1594.8,56.60769741910111,56.60769741910111
2022/02/24 15:15:40,1600.0,31.20302931631535,31.20302931631535
2022/02/24 15:16:08,1606.8,27.687958943286485,27.687958943286485
2022/02/24 15:16:10,1607.3,26.90611127742377,26.90611127742377
2022/02/24 15:16:20,1608.1,4.798802331380455,4.798802331380455
2022/02/24 15:16:30,1613.5,32.40353060090229,32.40353060090229
2022/02/24 15:16:40,1618.7,31.201571124034533,31.201571124034533
2022/02/24 15:16:50,1623.8,30.56990460155415,30.56990460155415
2022/02/24 15:17:00,1629.1,31.833313265303193,31.833313265303193
2022/02/24 15:17:10,1638.8,57.1133802705852,57.1133802705852
2022/02/24 15:17:20,1644.0,31.199361032220953,31.199361032220953
2022/02/24 15:17:30,1649.2,31.20340653415993,31.20340653415993
2022/02/24 15:17:40,1654.4,31.19445323390467,31.19445323390467
2022/02/24 15:17:50,1659.6,31.2064841391856,31.2064841391856
2022/02/24 15:18:00,1664.7,30.605544207690343,30.605544207690343
2022/02/24 15:18:10,1669.9,31.193949823813313,31.193949823813313
2022/02/24 15:18:20,1675.2,31.793606870642698,31.793606870642698
2022/02/24 15:18:30,1680.3,30.605583618302926,30.605583618302926
2022/02/24 15:18:40,1685.4,30.60018603914915,30.60018603914915
2022/02/24 15:18:50,1690.6,31.198710189735536,31.198710189735536
2022/02/24 15:19:00,1695.8,31.196401591518203,31.196401591518203
2022/02/24 15:19:10,1701.0,31.194403412683748,31.194403412683748
2022/02/24 15:19:20,1706.2,31.173964862462146,31.173964862462146
2022/02/24 15:19:30,1711.3,30.603760618739273,30.603760618739273
2022/02/24 15:19:40,1716.4,30.5999897861523,30.5999897861523
2022/02/24 15:19:50,1721.6,31.199390041831016,31.199390041831016
2022/02/24 15:20:00,1726.8,31.196539175587354,31.196539175587354
2022/02/24 15:20:10,1732.0,31.20602796646585,31.20602796646585
2022/02/24 15:20:20,1732.7,4.276452929837212,4.276452929837212
2022/02/24 15:20:30,1737.8,30.598427147651833,30.598427147651833
2022/02/24 15:20:40,1743.0,31.230514930794364,31.230514930794364
2022/02/24 15:20:50,1752.6,56.525152534698144,56.525152534698144
2022/02/24 15:21:00,1757.7,30.60560697279008,30.60560697279008
2022/02/24 15:21:10,1758.5,4.8926040766458385,4.8926040766458385
2022/02/24 15:22:28,1769.9,29.09015402841068,29.09015402841068
2022/02/24 15:22:30,1770.4,27.227860681876262,27.227860681876262
2022/02/24 15:22:40,1776.0,32.95831187424317,32.95831187424317
2022/02/24 15:22:50,1781.3,31.777567905651047,31.777567905651047
2022/02/24 15:23:00,1786.5,31.19006808878464,31.19006808878464
2022/02/24 15:23:10,1791.7,31.18822978760489,31.18822978760489
2022/02/24 15:23:20,1796.9,31.2121848181301,31.2121848181301
2022/02/24 15:23:30,1797.7,4.910991246929872,4.910991246929872
2022/02/24 15:23:40,1807.3,56.29868327744664,56.29868327744664
2022/02/24 15:25:59,1809.6,8.942360705926314,8.942360705926314
2022/02/24 15:26:00,1812.0,274.7966941396837,274.7966941396837
2022/02/24 15:26:10,1812.8,4.861997685289334,4.861997685289334
2022/02/24 15:26:20,1822.8,59.23396851534619,59.23396851534619
2022/02/24 15:26:30,1823.6,4.8724618716080705,4.8724618716080705
2022/02/24 15:26:40,1828.8,31.16951791558623,31.16951791558623
2022/02/24 15:26:50,1834.2,32.39486153092999,32.39486153092999
2022/02/24 15:27:00,1839.5,31.80090149097112,31.80090149097112
2022/02/24 15:27:10,1844.7,31.171328766525452,31.171328766525452
2022/02/24 15:27:20,1850.0,31.83673863379008,31.83673863379008
2022/02/24 15:27:30,1855.2,31.16600595458972,31.16600595458972
2022/02/24 15:27:40,1860.4,31.22850120129578,31.22850120129578
2022/02/24 15:27:50,1865.8,32.37526566950922,32.37526566950922
2022/02/24 15:28:00,1871.0,31.222825104316712,31.222825104316712
2022/02/24 15:28:10,1876.3,31.772761793236473,31.772761793236473
2022/02/24 15:28:20,1881.6,31.798091039818534,31.798091039818534
2022/02/24 15:28:30,1886.8,31.23172463483998,31.23172463483998
2022/02/24 15:28:40,1892.1,31.773532308451262,31.773532308451262
2022/02/24 15:28:50,1897.3,31.19575384715314,31.19575384715314
2022/02/24 15:29:00,1902.6,31.800463249278877,31.800463249278877
2022/02/24 15:29:10,1907.7,30.630231468490013,30.630231468490013
2022/02/24 15:29:20,1912.9,31.17493476092979,31.17493476092979
2022/02/24 15:29:30,1918.1,31.19294528295994,31.19294528295994
2022/02/24 15:29:40,1923.3,31.230708715650135,31.230708715650135
2022/02/24 15:29:50,1928.5,31.169569884595322,31.169569884595322
2022/02/24 15:30:00,1938.0,56.13831258995297,56.13831258995297
2022/02/24 15:30:10,1938.8,4.874952718840994,4.874952718840994
2022/02/24 15:30:20,1943.7,29.39778936797038,29.39778936797038
2022/02/24 15:30:30,1948.7,30.00164446307708,30.00164446307708
2022/02/24 16:25:05,2030.4,27.770070068550158,27.770070068550158
2022/02/24 16:25:10,2032.7,32.85435427764896,32.85435427764896
2022/02/24 16:25:20,2038.0,31.795331867846162,31.795331867846162
2022/02/24 16:25:30,2038.8,4.875996204829906,4.875996204829906
2022/02/24 16:25:40,2044.2,32.4173784435827,32.4173784435827
2022/02/24 16:25:50,2049.4,31.184864466525706,31.184864466525706
2022/02/24 16:26:00,2054.9,33.01332637378775,33.01332637378775
2022/02/24 16:26:10,2064.8,58.3863149800051,58.3863149800051
2022/02/24 16:26:20,2070.1,31.800373024546133,31.800373024546133
2022/02/24 16:26:30,2070.9,4.888945906916658,4.888945906916658
2022/02/24 16:26:40,2080.8,58.29872188963969,58.29872188963969
2022/02/24 16:26:50,2086.2,32.377614439934845,32.377614439934845
2022/02/24 16:27:00,2091.6,32.398701519555296,32.398701519555296
2022/02/24 16:27:10,2097.0,32.397704363409396,32.397704363409396
2022/02/24 16:27:20,2097.8,4.888322698569911,4.888322698569911
2022/02/24 16:27:29,2106.5,27.860862019283847,27.860862019283847
2022/02/24 16:27:30,2107.0,33.04005560368041,33.04005560368041
2022/02/24 16:28:11,2111.8,47.6520651589648,47.6520651589648
2022/02/24 16:28:20,2114.5,18.518424841715426,18.518424841715426
2022/02/24 16:28:30,2119.3,28.79544825978478,28.79544825978478
2022/02/24 16:28:40,2124.7,32.39519668273302,32.39519668273302
2022/02/24 16:28:50,2134.9,59.89266110440512,59.89266110440512
2022/02/24 16:29:00,2140.2,31.78952628460418,31.78952628460418
2022/02/24 16:29:10,2145.6,32.401272318256645,32.401272318256645
2022/02/24 16:29:20,2146.4,4.908098594846699,4.908098594846699
2022/02/24 16:29:30,2151.7,31.839859947348756,31.839859947348756
2022/02/24 16:29:40,2157.1,32.40712534212894,32.40712534212894
2022/02/24 16:29:50,2162.5,32.36080568007172,32.36080568007172
2022/02/24 16:30:00,2172.4,58.572510294026046,58.572510294026046
2022/02/24 16:30:10,2177.8,32.384351786193186,32.384351786193186
2022/02/24 16:30:20,2183.2,32.41771947471108,32.41771947471108
2022/02/24 16:30:30,2184.1,5.476440952451534,5.476440952451534
2022/02/24 16:30:40,2189.3,31.1946339301172,31.1946339301172
2022/02/24 16:30:50,2194.7,32.39226704192204,32.39226704192204
2022/02/24 16:31:00,2200.1,32.395704057074965,32.395704057074965
2022/02/24 16:31:10,2205.4,31.824002846004465,31.824002846004465
2022/02/24 16:31:20,2210.8,32.4095336157268,32.4095336157268
2022/02/24 16:31:30,2216.3,32.96026430691054,32.96026430691054
2022/02/24 16:31:40,2221.0,28.196620549880265,28.196620549880265
2022/02/24 16:31:50,2227.2,37.24076387191003,37.24076387191003
2022/02/24 16:32:00,2232.8,33.58233412218141,33.58233412218141
2022/02/24 16:32:10,2238.2,32.41722069010984,32.41722069010984
2022/02/24 16:32:20,2248.6,61.28239188033309,61.28239188033309
2022/02/24 16:32:30,2254.0,32.39275424908776,32.39275424908776
2022/02/24 16:32:40,2259.4,32.39136910578958,32.39136910578958
2022/02/24 16:32:50,2264.8,32.379348660564524,32.379348660564524
2022/02/24 16:33:00,2270.2,32.419309501406495,32.419309501406495
2022/02/24 16:33:47,2276.7,65.2295509387481,65.2295509387481
2022/02/24 16:33:50,2278.2,33.32394287617061,33.32394287617061
2022/02/24 16:34:00,2283.7,32.97161612169013,32.97161612169013
2022/02/24 16:34:10,2289.2,32.97752360183702,32.97752360183702
2022/02/24 16:34:20,2294.7,33.00254700767192,33.00254700767192
2022/02/24 16:34:30,2300.1,32.406209581051485,32.406209581051485
2022/02/24 16:34:40,2301.0,5.513892272466069,5.513892272466069
2022/02/24 16:34:50,2306.3,31.830789541304732,31.830789541304732
2022/02/24 16:35:00,2311.7,32.36791918829279,32.36791918829279
2022/02/24 16:35:10,2317.1,32.42896127776063,32.42896127776063
2022/02/24 16:35:20,2327.1,59.19055654000718,59.19055654000718
2022/02/24 16:35:30,2328.0,5.469330673258583,5.469330673258583
2022/02/24 16:35:40,2337.8,58.02975442544939,58.02975442544939
2022/02/24 16:35:50,2338.7,5.4734461308571145,5.4734461308571145
2022/02/24 16:36:00,2344.0,31.79893783779466,31.79893783779466
2022/02/24 16:36:10,2349.3,31.829817231867388,31.829817231867388
2022/02/24 16:36:20,2359.4,59.69104835848333,59.69104835848333
2022/02/24 16:36:30,2360.2,4.869696514300403,4.869696514300403
2022/02/24 16:36:40,2365.5,31.79888325321707,31.79888325321707
2022/02/24 16:36:50,2370.9,32.39875558864521,32.39875558864521
2022/02/24 16:37:00,2376.3,32.40217080354645,32.40217080354645
2022/02/24 16:37:10,2381.8,33.000539740807106,33.000539740807106
2022/02/24 16:37:20,2387.2,32.399259984704095,32.399259984704095
2022/02/24 16:37:30,2392.6,32.400188485288936,32.400188485288936
2022/02/24 16:37:40,2397.9,31.833422671180166,31.833422671180166
2022/02/24 16:37:50,2407.9,58.93921597319664,58.93921597319664
2022/02/24 16:38:00,2408.8,5.492934794353105,5.492934794353105
2022/02/24 16:38:10,2418.7,58.344762467156016,58.344762467156016
2022/02/24 16:38:20,2424.1,32.40312187708683,32.40312187708683
2022/02/24 16:38:30,2429.4,31.77717648883628,31.77717648883628
2022/02/24 16:38:40,2434.8,32.4004325924462,32.4004325924462
2022/02/24 16:38:50,2440.1,31.796602240292795,31.796602240292795
2022/02/24 16:39:00,2445.5,32.37141349829339,32.37141349829339
2022/02/24 16:39:10,2450.9,32.39906842049379,32.39906842049379
2022/02/24 16:39:20,2456.3,32.401583653605286,32.401583653605286
2022/02/24 16:39:30,2461.5,31.19550472186602,31.19550472186602
2022/02/24 16:39:40,2466.9,32.372744495240745,32.372744495240745
2022/02/24 16:39:50,2472.2,31.80122828459149,31.80122828459149
2022/02/24 16:40:00,2473.0,4.90665492149733,4.90665492149733
2022/02/24 16:40:10,2482.6,56.89341171071353,56.89341171071353
2022/02/24 16:40:20,2483.4,4.855818766093829,4.855818766093829
2022/02/24 16:40:30,2488.6,31.228031716205344,31.228031716205344
2022/02/24 16:40:40,2493.9,31.83057836279912,31.83057836279912
2022/02/24 16:40:50,2499.3,32.33316293019412,32.33316293019412
2022/02/24 16:41:00,2504.8,32.997377079601684,32.997377079601684
2022/02/24 16:41:10,2510.1,31.81460604796388,31.81460604796388
2022/02/24 16:41:20,2515.5,32.41828632918084,32.41828632918084
2022/02/24 16:41:30,2525.5,59.12224211641346,59.12224211641346
2022/02/24 16:41:40,2530.9,32.40788349235762,32.40788349235762
2022/02/24 16:48:27,2539.0,28.880069780585796,28.880069780585796
2022/02/24 16:48:30,2540.8,35.94438479522606,35.94438479522606
2022/02/24 16:48:40,2541.6,4.883877722397499,4.883877722397499
2022/02/24 16:48:50,2547.2,33.594905061933474,33.594905061933474
2022/02/24 16:49:00,2552.7,33.02671079835181,33.02671079835181
2022/02/24 16:54:01,2560.9,30.97965122720349,30.97965122720349
2022/02/24 16:54:10,2568.1,47.22472913482453,47.22472913482453
2022/02/24 16:54:20,2573.7,33.591922184773004,33.591922184773004
2022/02/24 16:54:30,2579.2,33.00416968095635,33.00416968095635
2022/02/24 16:54:40,2584.7,32.973029168017,32.973029168017
2022/02/24 16:54:50,2590.2,32.98447231278858,32.98447231278858
2022/02/24 16:55:00,2595.7,32.98028560350773,32.98028560350773
2022/02/24 16:55:10,2601.2,33.019913642778256,33.019913642778256
2022/02/24 16:55:20,2606.6,32.36669882485712,32.36669882485712
2022/02/24 16:55:30,2612.1,32.98522928770824,32.98522928770824
2022/02/24 16:55:40,2613.0,5.518438096694043,5.518438096694043
2022/02/24 16:55:50,2623.0,58.70265068370895,58.70265068370895
2022/02/24 16:58:31,2629.0,60.774994204043814,60.774994204043814
2022/02/24 16:58:40,2636.1,47.700588353354824,47.700588353354824
2022/02/24 16:58:50,2636.9,4.882548197337099,4.882548197337099
2022/02/24 16:59:01,2645.0,30.916412231665635,30.916412231665635
2022/02/24 16:59:10,2647.8,20.477991268470827,20.477991268470827
2022/02/24 16:59:20,2652.4,27.589305150211807,27.589305150211807
2022/02/24 16:59:30,2657.8,32.4291044420847,32.4291044420847
2022/02/24 16:59:40,2663.4,33.56477554499657,33.56477554499657
2022/02/24 16:59:50,2668.9,33.00509834366247,33.00509834366247
2022/02/24 17:00:03,2679.7,60.71394104438304,60.71394104438304
2022/02/24 17:00:10,2683.3,33.76243360019064,33.76243360019064
2022/02/24 17:00:20,2684.1,4.938808735633781,4.938808735633781
2022/02/24 17:00:30,2694.2,58.866335239375154,58.866335239375154
2022/02/24 17:00:40,2699.6,32.424041062665715,32.424041062665715
2022/02/24 17:00:50,2700.5,5.571049094909673,5.571049094909673
2022/02/24 17:01:00,2705.7,31.231698546578457,31.231698546578457
2022/02/24 17:01:10,2711.1,32.33722992154908,32.33722992154908
2022/02/24 17:07:11,2719.4,29.976546976688674,29.976546976688674
2022/02/24 17:07:20,2720.3,6.306599195769545,6.306599195769545
2022/02/24 17:13:22,2726.6,17.874855250257536,17.874855250257536
2022/02/24 17:13:30,2729.4,23.076570230884094,23.076570230884094
2022/02/24 17:13:40,2738.5,53.0640684986176,53.0640684986176
2022/02/24 17:13:50,2744.0,32.995448311235215,32.995448311235215
2022/02/24 17:14:00,2749.5,32.97584069707917,32.97584069707917
2022/02/24 17:14:10,2755.0,32.99424255225087,32.99424255225087
2022/02/24 17:14:20,2760.5,32.99631906087671,32.99631906087671
2022/02/24 17:14:30,2766.0,32.9667291249309,32.9667291249309
2022/02/24 17:14:40,2766.8,4.944320794084323,4.944320794084323
2022/02/24 17:14:50,2777.0,59.437304337453526,59.437304337453526
2022/02/24 17:14:59,2780.6,28.956761738938155,28.956761738938155
2022/02/24 17:15:00,2781.1,33.19496154839499,33.19496154839499
2022/02/24 17:15:10,2781.9,4.902312758093392,4.902312758093392
2022/02/24 17:15:20,2787.3,32.42796767479636,32.42796767479636
2022/02/24 17:15:30,2792.7,32.398224946951395,32.398224946951395
2022/02/24 17:15:40,2798.1,32.38321429581684,32.38321429581684
2022/02/24 17:15:50,2803.8,34.216001388246994,34.216001388246994
2022/02/24 17:16:00,2809.2,32.4015882889135,32.4015882889135
2022/02/24 17:16:10,2808.7,-2.9969496779024682,-2.9969496779024682
2022/02/24 17:16:20,2819.8,66.60511809100387,66.60511809100387
2022/02/24 17:16:30,2818.0,-10.800055618573651,-10.800055618573651
2022/02/24 17:16:40,2823.8,34.832270249304614,34.832270249304614
2022/02/24 17:16:50,2829.4,33.56553979613342,33.56553979613342
2022/02/24 17:17:00,1238.0,-3182.8148227173974,-3182.8148227173974
2022/02/24 17:17:30,1230.8,-43.204011068799815,-43.204011068799815
2022/02/24 17:17:40,1283.1,305.5870578469861,305.5870578469861
2022/02/24 17:17:50,1317.3,205.07138252761936,205.07138252761936
2022/02/24 17:18:12,1331.1,36.565375589335815,36.565375589335815
2022/02/24 17:18:20,1335.4,33.9264053158102,33.9264053158102
2022/02/24 17:18:30,1340.9,33.002205495405285,33.002205495405285
2022/02/24 17:18:40,1346.3,32.38597558797267,32.38597558797267
2022/02/24 17:18:50,1351.7,32.37857795862367,32.37857795862367
2022/02/24 17:19:00,1357.1,32.37144125840857,32.37144125840857
2022/02/24 17:19:33,1368.1,55.095016999305265,55.095016999305265
2022/02/24 17:19:40,1369.0,7.740310814130695,7.740310814130695
2022/02/24 17:19:50,1372.8,22.780036054484793,22.780036054484793
2022/02/24 17:20:00,1378.2,32.4634826385029,32.4634826385029
2022/02/24 17:20:10,1383.5,31.76958778573998,31.76958778573998
2022/02/24 17:20:20,1388.7,31.168437741847086,31.168437741847086
2022/02/24 17:20:30,1398.7,58.63444761308878,58.63444761308878
2022/02/24 17:20:40,1404.0,31.783972763443987,31.783972763443987
2022/02/24 17:20:50,1409.3,31.781038839437258,31.781038839437258
2022/02/24 17:23:09,1413.0,21.373049242309236,21.373049242309236
2022/02/24 17:23:10,1414.0,100.00585749284205,100.00585749284205
2022/02/24 17:23:20,1419.0,29.982905835455817,29.982905835455817
2022/02/24 17:24:15,1424.0,47.75502106304149,47.75502106304149
2022/02/24 17:24:20,1427.0,38.22039091201057,38.22039091201057
2022/02/24 17:24:30,1430.0,17.982741420908994,17.982741420908994
2022/02/24 17:24:40,1435.0,29.99916889585836,29.99916889585836
2022/02/24 17:24:50,1440.0,30.030814795665165,30.030814795665165
2022/02/24 17:25:00,1446.0,35.96061509190853,35.96061509190853
2022/02/24 17:25:10,1451.0,30.025495482005873,30.025495482005873
2022/02/24 17:25:36,1462.1,60.63902700655411,60.63902700655411
2022/02/24 17:25:40,1464.8,53.53956840541309,53.53956840541309
2022/02/24 17:25:50,1466.5,10.19053811272977,10.19053811272977
2022/02/24 17:26:00,1471.8,31.820254544158185,31.820254544158185
2022/02/24 17:26:10,1477.2,32.41221900002602,32.41221900002602
2022/02/24 17:26:20,1482.5,31.76588482184859,31.76588482184859
2022/02/24 17:26:30,1487.8,31.83210909059986,31.83210909059986
2022/02/24 17:26:40,1497.9,58.91181018116004,58.91181018116004
2022/02/24 17:26:50,1503.1,31.194578903063054,31.194578903063054
2022/02/24 17:27:00,1508.4,31.769766373044625,31.769766373044625
2022/02/24 17:27:10,1513.7,31.791112170664675,31.791112170664675
2022/02/24 17:27:20,1519.0,31.792205637679487,31.792205637679487
2022/02/24 17:38:26,1527.3,28.065140872708003,28.065140872708003
2022/02/24 17:38:30,1529.7,33.42885465034865,33.42885465034865
2022/02/24 17:38:40,1530.5,4.943007069702234,4.943007069702234
2022/02/24 17:39:17,1538.6,7.150157434216804,7.150157434216804
2022/02/24 17:39:20,1541.5,60.124612135897344,60.124612135897344
2022/02/24 17:39:30,1543.0,8.99135464807505,8.99135464807505
2022/02/24 17:39:40,1553.1,59.28632910992579,59.28632910992579
2022/02/24 17:39:50,1553.9,4.909592803922809,4.909592803922809
2022/02/24 17:40:00,1559.1,31.199091022270323,31.199091022270323
2022/02/24 17:40:10,1564.4,31.828699908986177,31.828699908986177
2022/02/24 17:40:20,1569.7,31.770073608441177,31.770073608441177
2022/02/24 17:40:30,1575.0,31.833057228103062,31.833057228103062
2022/02/24 17:40:40,1580.4,32.36621163028667,32.36621163028667
2022/02/24 17:40:50,1585.7,31.800203949328683,31.800203949328683
2022/02/24 17:41:00,1591.0,31.834607189879854,31.834607189879854
2022/02/24 17:41:10,1596.3,31.76329159656592,31.76329159656592
2022/02/24 17:41:20,1601.7,32.40657587927178,32.40657587927178
2022/02/24 17:41:30,1607.0,31.826916608474836,31.826916608474836
2022/02/24 17:41:46,1616.9,53.66197199116133,53.66197199116133
2022/02/24 17:41:50,1619.6,46.49120578620077,46.49120578620077
2022/02/24 17:42:00,1621.5,11.39484905390646,11.39484905390646
2022/02/24 17:42:10,1631.4,57.7233704765488,57.7233704765488
2022/02/24 17:42:20,1636.7,31.800430647005943,31.800430647005943
2022/02/24 17:42:30,1642.0,31.78892243170087,31.78892243170087
2022/02/24 17:43:25,1646.9,27.926962813358028,27.926962813358028
2022/02/24 17:43:30,1649.7,32.307192821437084,32.307192821437084
2022/02/24 18:15:48,1652.8,7.150773374931254,7.150773374931254
2022/02/24 18:15:50,1655.5,82.88307203859803,82.88307203859803
2022/02/24 18:16:26,1661.2,51.73451484442388,51.73451484442388
2022/02/24 18:16:30,1663.3,32.34151234832193,32.34151234832193
2022/02/24 18:16:40,1668.7,32.374288465427185,32.374288465427185
2022/02/24 18:16:50,1673.9,31.172591066695755,31.172591066695755
2022/02/24 18:17:00,1679.3,32.37930159963313,32.37930159963313
2022/02/24 18:25:11,1683.5,40.50833409160891,40.50833409160891
2022/02/24 18:25:20,1686.2,18.429750774502956,18.429750774502956
2022/02/24 18:25:30,1690.9,28.192427447137643,28.192427447137643
2022/02/24 18:25:40,1696.2,31.831855351842087,31.831855351842087
2022/02/24 18:25:50,1701.5,31.768200775590568,31.768200775590568
2022/02/24 18:26:00,1706.8,31.80075894736516,31.80075894736516
2022/02/24 18:26:10,1712.1,31.80456029476169,31.80456029476169
2022/02/24 18:26:20,1717.3,31.224080403538338,31.224080403538338
2022/02/24 18:27:56,1732.4,45.22409724812337,45.22409724812337
2022/02/24 18:28:00,1733.2,13.053273663178249,13.053273663178249
2022/02/24 18:28:10,1735.1,11.402416517266932,11.402416517266932
2022/02/24 18:28:20,1740.5,32.36594028777125,32.36594028777125
2022/02/24 18:28:30,1745.8,31.862097720579083,31.862097720579083
2022/02/24 18:28:40,1751.2,32.3752001093795,32.3752001093795
2022/02/24 18:28:50,1756.5,31.769294180469668,31.769294180469668
2022/02/24 18:29:00,1761.8,31.800107660657797,31.800107660657797
2022/02/24 18:29:10,1767.1,31.7996921855202,31.7996921855202
2022/02/24 18:29:20,1772.3,31.196200795325016,31.196200795325016
2022/02/24 18:29:30,1777.8,33.00215906916823,33.00215906916823
2022/02/24 18:29:40,1783.0,31.200705200875802,31.200705200875802
2022/02/24 18:29:50,1788.4,32.42726893908437,32.42726893908437
2022/02/24 18:30:05,1798.3,53.616235795482794,53.616235795482794
2022/02/24 18:30:10,1801.1,36.23937819373369,36.23937819373369
2022/02/24 18:30:20,1803.5,14.39950528890852,14.39950528890852
2022/02/24 18:30:30,1808.9,32.367040332326624,32.367040332326624
2022/02/24 18:30:40,1814.1,31.202033118163733,31.202033118163733
2022/02/24 18:30:50,1819.4,31.799383618859377,31.799383618859377
2022/02/24 18:31:00,1829.2,57.6681635170016,57.6681635170016
2022/02/24 18:31:10,1830.0,4.903536980389357,4.903536980389357
2022/02/24 18:31:20,1835.1,30.589666343153976,30.589666343153976
2022/02/24 18:31:30,1840.5,32.4315469428001,32.4315469428001
2022/02/24 18:31:40,1845.8,31.79070829646545,31.79070829646545
2022/02/24 18:31:50,1851.1,31.806326679789496,31.806326679789496
2022/02/24 18:32:00,1856.3,31.172871756744826,31.172871756744826
2022/02/24 18:32:10,1861.5,31.23040685951551,31.23040685951551
2022/02/24 18:32:20,1866.7,31.166997626648406,31.166997626648406
2022/02/24 18:32:30,1871.9,31.197836243972247,31.197836243972247
2022/02/24 18:32:40,1877.3,32.43515796713313,32.43515796713313
2022/02/24 18:32:50,1882.7,32.366035102962634,32.366035102962634
2022/02/24 18:33:00,1892.6,57.81709400650153,57.81709400650153
2022/02/24 18:33:10,1893.4,4.936982264671697,4.936982264671697
2022/02/24 18:33:20,1898.4,30.00973850609795,30.00973850609795
2022/02/24 18:33:30,1903.6,31.159885112846275,31.159885112846275
2022/02/24 18:34:13,1914.3,27.569218575813096,27.569218575813096
2022/02/24 18:34:20,1917.8,32.44401249796259,32.44401249796259
2022/02/24 18:34:30,1923.1,31.78947552068015,31.78947552068015
2022/02/24 18:34:40,1928.3,31.230355432755804,31.230355432755804
2022/02/24 18:34:50,1933.5,31.169703519985884,31.169703519985884
2022/02/24 18:35:00,1938.7,31.200040168814194,31.200040168814194
2022/02/24 18:35:10,1943.9,31.199771634819975,31.199771634819975
2022/02/24 18:35:20,1949.0,30.60029036797389,30.60029036797389
2022/02/24 18:35:30,1953.9,29.399841586013423,29.399841586013423
2022/02/24 18:35:40,1959.1,31.23103666472944,31.23103666472944
2022/02/24 18:35:50,1964.5,32.36722766341241,32.36722766341241
2022/02/24 18:36:00,1969.8,31.799834719563,31.799834719563
2022/02/24 18:36:10,1975.1,31.83067331681508,31.83067331681508
2022/02/24 18:36:20,1980.3,31.17012076674613,31.17012076674613
2022/02/24 18:36:30,1985.6,31.800699049103542,31.800699049103542
2022/02/24 18:36:40,1990.7,30.600067849310502,30.600067849310502
2022/02/24 18:36:50,1995.9,31.20001710892689,31.20001710892689
2022/02/24 18:37:16,1999.4,28.776423430092194,28.776423430092194
2022/02/24 18:37:20,2001.2,31.204714673615555,31.204714673615555
2022/02/24 18:37:30,2006.5,31.778318211263105,31.778318211263105
2022/02/24 18:37:40,2011.7,31.19965113076284,31.19965113076284
2022/02/24 18:37:50,2016.8,30.600561042581052,30.600561042581052
2022/02/24 18:38:00,2021.9,30.59509959509264,30.59509959509264
2022/02/24 18:38:10,2026.9,30.004738602364114,30.004738602364114
2022/02/24 18:38:20,2032.1,31.211958507851968,31.211958507851968
2022/02/24 18:38:30,2037.3,31.216983517334306,31.216983517334306
2022/02/24 18:38:40,2042.4,30.594736394458103,30.594736394458103
2022/02/24 18:38:50,2047.4,29.994892513219607,29.994892513219607
2022/02/24 18:39:00,2052.3,29.411121983666558,29.411121983666558
2022/02/24 18:39:10,2057.4,30.599902239157608,30.599902239157608
2022/02/24 18:39:20,2062.5,30.570636386201052,30.570636386201052
2022/02/24 18:39:30,2067.6,30.60006201279755,30.60006201279755
2022/02/24 18:39:40,2072.6,30.011759836027743,30.011759836027743
2022/02/24 18:39:50,2077.4,28.78859041360856,28.78859041360856
2022/02/24 18:40:00,2082.3,29.399678267185646,29.399678267185646
2022/02/24 18:40:10,2087.3,30.029341279609703,30.029341279609703
2022/02/24 18:40:20,2092.3,29.97182823761845,29.97182823761845
2022/02/24 18:40:30,2097.2,29.39936074692982,29.39936074692982
2022/02/24 18:40:40,2102.1,29.42327174226763,29.42327174226763
2022/02/24 18:40:50,2107.1,30.004672062712707,30.004672062712707
2022/02/24 18:41:00,2112.1,29.999960660986034,29.999960660986034
2022/02/24 18:41:10,2117.1,29.990377890699502,29.990377890699502
2022/02/24 18:41:20,2122.0,29.382216430990834,29.382216430990834
2022/02/24 18:41:30,2127.0,29.999781133341152,29.999781133341152
2022/02/24 18:41:40,2132.0,30.01852367949182,30.01852367949182
2022/02/24 18:41:50,2137.0,30.000834011374884,30.000834011374884
2022/02/24 18:42:00,2142.0,29.99918606105477,29.99918606105477
2022/02/24 18:42:10,2147.0,29.996137401149188,29.996137401149188
2022/02/24 18:42:20,2152.0,30.011793479445654,30.011793479445654
2022/02/24 18:42:30,2157.0,29.991802548779983,29.991802548779983
2022/02/24 18:42:40,2162.1,30.609942766671903,30.609942766671903
