2022/02/24 21:32:03,1381.0,27.592455714174438,27.592455714174438
2022/02/24 21:32:10,1384.3,32.985357942835854,32.985357942835854
2022/02/24 21:32:20,1389.7,32.39478353576713,32.39478353576713
2022/02/24 21:32:30,1395.0,31.8034743194418,31.8034743194418
2022/02/24 21:32:40,1400.0,29.972854165763977,29.972854165763977
2022/02/24 21:32:50,1405.2,31.199262102413318,31.199262102413318
2022/02/24 21:33:00,1410.4,31.20018894310005,31.20018894310005
2022/02/24 21:33:10,1415.5,30.600696016883308,30.600696016883308
2022/02/24 21:33:20,1420.4,29.3992829450028,29.3992829450028
2022/02/24 21:33:30,1425.4,29.999668125009297,29.999668125009297
2022/02/24 21:33:40,1430.4,30.000202418739427,30.000202418739427
2022/02/24 21:33:50,1435.3,29.399933409840862,29.399933409840862
2022/02/24 21:34:00,1440.3,30.000234605716482,30.000234605716482
2022/02/24 21:34:10,1445.2,29.400037150430485,29.400037150430485
2022/02/24 21:34:20,1450.3,30.599995622634967,30.599995622634967
2022/02/24 21:34:30,1455.3,29.99968171457379,29.99968171457379
2022/02/24 21:34:40,1460.2,29.400118461133072,29.400118461133072
2022/02/24 21:34:50,1465.1,29.400148602282272,29.400148602282272
2022/02/24 21:35:00,1470.2,30.629744628154842,30.629744628154842
2022/02/24 21:35:10,1475.2,29.97092445097184,29.97092445097184
2022/02/24 21:35:20,1480.2,29.999599462134867,29.999599462134867
2022/02/24 21:35:30,1485.2,30.00043059013403,30.00043059013403
2022/02/24 21:35:40,1490.3,30.60001969815514,30.60001969815514
2022/02/24 21:35:50,1495.3,29.999992132188954,29.999992132188954
2022/02/24 21:36:00,1500.2,29.399859109600587,29.399859109600587
2022/02/24 21:36:10,1505.2,30.000063657895698,30.000063657895698
2022/02/24 21:36:20,1510.2,30.000078678337445,30.000078678337445
2022/02/24 21:36:30,1515.2,29.999951362688716,29.999951362688716
2022/02/24 21:36:40,1520.2,30.029201532433113,30.029201532433113
2022/02/24 21:36:50,1525.2,29.97083521749015,29.97083521749015
2022/02/24 21:37:00,1530.2,30.000003576279113,30.000003576279113
2022/02/24 21:37:10,1535.2,30.027142024888743,30.027142024888743
2022/02/24 21:37:20,1540.1,29.37347964523507,29.37347964523507
2022/02/24 21:37:30,1545.2,30.62962986474434,30.62962986474434
2022/02/24 21:37:40,1550.2,29.983675308005008,29.983675308005008
2022/02/24 21:37:50,1555.2,30.00795575303969,30.00795575303969
2022/02/24 21:38:00,1560.1,29.379783074876276,29.379783074876276
2022/02/24 21:38:10,1565.1,30.02803988958157,30.02803988958157
2022/02/24 21:38:20,1570.0,29.397258837716784,29.397258837716784
2022/02/24 21:38:30,1575.0,30.003930129817324,30.003930129817324
2022/02/24 21:38:40,1580.1,30.5781688864868,30.5781688864868
2022/02/24 21:38:50,1585.1,30.00450607261065,30.00450607261065
2022/02/24 21:39:00,1590.1,29.988866885989147,29.988866885989147
2022/02/24 21:39:10,1595.0,29.426801425010197,29.426801425010197
2022/02/24 21:39:20,1600.1,30.570972072272937,30.570972072272937
2022/02/24 21:39:30,1605.0,29.4273175725228,29.4273175725228
2022/02/24 21:39:40,1610.0,30.000658049712317,30.000658049712317
2022/02/24 21:39:50,1615.0,29.97156694772601,29.97156694772601
2022/02/24 21:40:00,1620.0,30.029398612160982,30.029398612160982
2022/02/24 21:40:10,1620.8,4.795274356120888,0
2022/02/24 21:40:20,1620.8,0.0,0
2022/02/24 21:40:30,1620.8,0.0,0
2022/02/24 21:40:40,1620.8,0.0,0
2022/02/24 21:40:50,1620.8,0.0,0
2022/02/24 21:41:00,1620.8,0.0,0
2022/02/24 21:41:10,1620.8,0.0,0
2022/02/24 21:41:20,1620.8,0.0,0
2022/02/24 21:41:30,1620.7,-0.6005715898817444,0
2022/02/24 21:41:40,1620.7,0.0,0
2022/02/24 21:41:50,1620.7,0.0,0
2022/02/24 21:42:00,1620.7,0.0,0.0
2022/02/24 21:42:10,1625.2,26.99998197556745,26.99998197556745
2022/02/24 21:42:20,1630.7,32.99996852877757,32.99996852877757
2022/02/24 21:42:30,1635.8,30.601443139422106,30.601443139422106
2022/02/24 21:42:40,1640.9,30.628885750884923,30.628885750884923
2022/02/24 21:42:50,1645.8,29.39909790422828,29.39909790422828
2022/02/24 21:43:00,1650.9,30.570338571108447,30.570338571108447
2022/02/24 21:43:10,1655.9,30.00032902124762,30.00032902124762
2022/02/24 21:43:20,1661.0,30.59979864252929,30.59979864252929
2022/02/24 21:43:30,1665.8,28.800192948680095,28.800192948680095
2022/02/24 21:43:40,1670.8,30.000020027174013,30.000020027174013
2022/02/24 21:43:50,1675.8,30.000021457687467,30.000021457687467
2022/02/24 21:44:00,1680.8,29.99975109306859,29.99975109306859
2022/02/24 21:44:10,1685.8,30.000224591982885,30.000224591982885
2022/02/24 21:44:20,1690.7,29.400007710459416,29.400007710459416
2022/02/24 21:44:30,1695.6,29.427776151419263,29.427776151419263
2022/02/24 21:44:40,1700.6,30.000665917872656,30.000665917872656
2022/02/24 21:44:50,1705.6,30.000358347404767,30.000358347404767
2022/02/24 21:45:00,1710.7,30.57005168381563,30.57005168381563
2022/02/24 21:45:10,1715.7,30.014600465137725,30.014600465137725
2022/02/24 21:45:20,1720.7,30.01452887009739,30.01452887009739
2022/02/24 21:45:30,1725.7,29.970928734192327,29.970928734192327
2022/02/24 21:45:40,1730.7,30.000039339117137,30.000039339117137
2022/02/24 21:45:50,1735.6,29.42783022674894,29.42783022674894
2022/02/24 21:46:00,1740.6,29.971608354017214,29.971608354017214
2022/02/24 21:46:10,1745.7,30.60005909454396,30.60005909454396
2022/02/24 21:46:20,1750.7,29.99974394063161,29.99974394063161
2022/02/24 21:46:30,1755.7,29.999600177371523,29.999600177371523
2022/02/24 21:46:40,1760.7,30.000655188564128,30.000655188564128
2022/02/24 21:46:50,1765.7,29.999713185191457,29.999713185191457
2022/02/24 21:47:00,1770.7,30.029387145633212,30.029387145633212
2022/02/24 21:47:10,1775.7,29.970828078834572,29.970828078834572
2022/02/24 21:47:20,1780.6,29.40010374105738,29.40010374105738
2022/02/24 21:47:30,1785.7,30.630349891452152,30.630349891452152
2022/02/24 21:47:40,1790.8,30.56972475536737,30.56972475536737
2022/02/24 21:47:50,1795.8,29.999938488132717,29.999938488132717
2022/02/24 21:48:00,1800.8,30.000082254635316,30.000082254635316
2022/02/24 21:48:10,1805.8,29.99962020401172,29.99962020401172
2022/02/24 21:48:20,1810.6,28.800359806740936,28.800359806740936
2022/02/24 21:48:30,1815.5,29.39991168048742,29.39991168048742
2022/02/24 21:48:40,1820.6,30.60007660408069,30.60007660408069
2022/02/24 21:48:50,1825.6,29.99998855591257,29.99998855591257
2022/02/24 21:49:00,1830.6,29.99997854234323,29.99997854234323
2022/02/24 21:49:10,1835.6,29.999960660986034,29.999960660986034
2022/02/24 21:49:20,1840.5,29.399436446502683,29.399436446502683
2022/02/24 21:49:30,1845.6,30.600587307757372,30.600587307757372
2022/02/24 21:49:40,1850.7,30.600112352784553,30.600112352784553
2022/02/24 21:49:50,1855.7,29.99965453545712,29.99965453545712
2022/02/24 21:50:00,1860.6,29.40014790132458,29.40014790132458
2022/02/24 21:50:10,1861.5,5.40002909676072,0
2022/02/24 21:50:20,1861.4,-0.5999916316240457,0
2022/02/24 21:50:30,1861.4,0.0,0
2022/02/24 21:50:40,1861.4,0.0,0
2022/02/24 21:50:50,1861.3,-0.5999955654480229,0
2022/02/24 21:51:00,1861.4,0.5999982833919603,0
2022/02/24 21:51:10,1861.3,-0.6000069523671432,0
2022/02/24 21:51:20,1861.3,0.0,0
2022/02/24 21:51:30,1861.3,0.0,0
2022/02/24 21:51:40,1861.3,0.0,0
2022/02/24 21:51:50,1861.2,-0.6000001001352743,0
2022/02/24 21:52:00,1861.2,0.0,0.0
2022/02/24 21:52:10,1865.6,26.400003776550015,26.400003776550015
2022/02/24 21:52:20,1870.8,31.199976940172345,31.199976940172345
2022/02/24 21:52:30,1875.8,29.99965882689332,29.99965882689332
2022/02/24 21:52:40,1881.0,31.200365986349027,31.200365986349027
2022/02/24 21:52:50,1886.0,29.99983263109122,29.99983263109122
2022/02/24 21:53:00,1890.8,28.80016204925137,28.80016204925137
2022/02/24 21:53:10,1895.8,30.000003576279113,30.000003576279113
2022/02/24 21:53:20,1900.7,29.399910278594668,29.399910278594668
2022/02/24 21:53:30,1905.6,29.399985280043477,29.399985280043477
2022/02/24 21:53:40,1910.6,30.000122309229727,30.000122309229727
2022/02/24 21:53:50,1915.5,29.399992990495992,29.399992990495992
2022/02/24 21:54:00,1920.6,30.599864302282736,30.599864302282736
2022/02/24 21:54:10,1925.6,30.00013089237102,30.00013089237102
2022/02/24 21:54:20,1930.5,29.400396743406766,29.400396743406766
2022/02/24 21:54:30,1935.5,30.028992989065294,30.028992989065294
2022/02/24 21:54:40,1940.5,29.970300541598533,29.970300541598533
2022/02/24 21:54:50,1944.7,25.20032384334953,25.20032384334953
2022/02/24 21:55:00,1950.0,31.800578495058545,31.800578495058545
2022/02/24 21:55:10,1955.2,31.20011009255183,31.20011009255183
2022/02/24 21:55:20,1960.1,29.399094399690657,29.399094399690657
2022/02/24 21:55:30,1965.1,30.02857447778123,30.02857447778123
2022/02/24 21:55:40,1970.1,29.999562269875785,29.999562269875785
2022/02/24 21:55:50,1975.2,30.571574286804754,30.571574286804754
2022/02/24 21:56:00,1980.2,30.01886170104192,30.01886170104192
2022/02/24 21:56:10,1985.2,30.000338319779043,30.000338319779043
2022/02/24 21:56:20,1990.2,30.003626784987446,30.003626784987446
2022/02/24 21:56:30,1995.0,28.798634326846898,28.798634326846898
2022/02/24 21:56:40,2000.0,29.99722506443858,29.99722506443858
2022/02/24 21:56:50,2005.1,30.607410484634602,30.607410484634602
2022/02/24 21:57:00,2010.1,30.004101837156636,30.004101837156636
2022/02/24 21:57:10,2015.2,30.57497902917473,30.57497902917473
2022/02/24 21:57:20,2020.3,30.602738286894986,30.602738286894986
2022/02/24 21:57:30,2025.6,31.81609881079316,31.81609881079316
2022/02/24 21:57:40,2030.7,30.57625736889331,30.57625736889331
2022/02/24 21:57:50,2035.8,30.617984024391223,30.617984024391223
2022/02/24 21:58:00,2040.9,30.582005026721355,30.582005026721355
2022/02/24 21:58:10,2046.0,30.629577965648647,30.629577965648647
2022/02/24 21:58:20,2050.9,29.371685758346455,29.371685758346455
2022/02/24 21:58:30,2055.8,29.400004906655724,29.400004906655724
2022/02/24 21:58:40,2060.8,30.02860600904697,30.02860600904697
2022/02/24 21:58:50,2065.9,30.6005938740585,30.6005938740585
2022/02/24 21:59:00,2070.9,29.970721713269246,29.970721713269246
2022/02/24 21:59:10,2075.8,29.400000000000546,29.400000000000546
2022/02/24 21:59:20,2080.9,30.629126962614247,30.629126962614247
2022/02/24 21:59:30,2085.9,29.971290670745883,29.971290670745883
2022/02/24 21:59:40,2090.8,29.417686505332657,29.417686505332657
2022/02/24 21:59:50,2095.8,30.008499645609614,30.008499645609614
2022/02/24 22:00:00,2100.9,30.59715060066535,30.59715060066535
2022/02/24 22:00:10,2101.7,4.800206689195919,0
2022/02/24 22:00:20,2101.7,0.0,0
2022/02/24 22:00:30,2101.6,-0.6003794684335061,0
2022/02/24 22:00:40,2101.6,0.0,0
2022/02/24 22:00:50,2101.7,0.6002653627475065,0
2022/02/24 22:01:00,2101.6,-0.5998961199392794,0
2022/02/24 22:01:10,2101.6,0.0,0
2022/02/24 22:01:20,2101.5,-0.5995045369793716,0
2022/02/24 22:01:30,2101.5,0.0,0
2022/02/24 22:01:40,2101.6,0.6000930405859958,0
2022/02/24 22:01:50,2101.5,-0.5997022009500438,0
2022/02/24 22:02:00,2101.5,0.0,0.0
2022/02/24 22:02:10,2106.0,27.0001390464314,27.0001390464314
2022/02/24 22:02:20,2111.2,31.229554985894307,31.229554985894307
2022/02/24 22:02:30,2116.3,30.570946586089693,30.570946586089693
2022/02/24 22:02:40,2121.2,29.429677334605525,29.429677334605525
2022/02/24 22:02:50,2126.1,29.370560143243804,29.370560143243804
2022/02/24 22:03:00,2131.2,30.628945687989177,30.628945687989177
2022/02/24 22:03:10,2136.3,30.57101867569705,30.57101867569705
2022/02/24 22:03:20,2141.3,29.999971389797793,29.999971389797793
2022/02/24 22:03:30,2146.2,29.428618906414084,29.428618906414084
2022/02/24 22:03:40,2151.2,29.9986939998807,29.9986939998807
2022/02/24 22:03:50,2156.1,29.37365666701404,29.37365666701404
2022/02/24 22:04:00,2161.1,30.01965951937862,30.01965951937862
2022/02/24 22:04:10,2166.1,30.008761579854653,30.008761579854653
2022/02/24 22:04:20,2171.0,29.381834879869295,29.381834879869295
2022/02/24 22:04:30,2176.1,30.614801921084755,30.614801921084755
2022/02/24 22:04:40,2181.2,30.58718771217017,30.58718771217017
2022/02/24 22:04:50,2186.1,29.412486427625495,29.412486427625495
2022/02/24 22:05:00,2190.9,28.80121198032358,28.80121198032358
2022/02/24 22:05:10,2196.0,30.594907053921858,30.594907053921858
2022/02/24 22:05:20,2201.1,30.589845694979807,30.589845694979807
2022/02/24 22:05:30,2206.1,30.003274082791254,30.003274082791254
2022/02/24 22:05:40,2211.1,29.984950704639356,29.984950704639356
2022/02/24 22:05:50,2216.2,30.60003501896043,30.60003501896043
2022/02/24 22:06:00,2221.1,29.400030841860293,29.400030841860293
2022/02/24 22:06:10,2226.1,30.02894712424582,30.02894712424582
2022/02/24 22:06:20,2231.1,29.995415911293236,29.995415911293236
2022/02/24 22:06:30,2236.1,29.975583176631222,29.975583176631222
2022/02/24 22:06:40,2241.2,30.600091195377743,30.600091195377743
2022/02/24 22:06:50,2246.1,29.400534835054923,29.400534835054923
2022/02/24 22:07:00,2251.0,29.39944766128697,29.39944766128697
2022/02/24 22:07:10,2256.1,30.608582771824754,30.608582771824754
2022/02/24 22:07:20,2261.1,29.996303298670036,29.996303298670036
2022/02/24 22:07:30,2266.1,30.00774034840654,30.00774034840654
2022/02/24 22:07:40,2271.1,30.017479584726747,30.017479584726747
2022/02/24 22:07:50,2276.1,29.972957690598307,29.972957690598307
2022/02/24 22:08:00,2281.1,30.021155005868756,30.021155005868756
2022/02/24 22:08:10,2286.1,29.98816718657165,29.98816718657165
2022/02/24 22:08:20,2291.1,30.006320615831395,30.006320615831395
2022/02/24 22:08:30,2296.0,29.40117694320942,29.40117694320942
2022/02/24 22:08:40,2301.0,29.98939722129358,29.98939722129358
2022/02/24 22:08:50,2306.0,29.990851808594723,29.990851808594723
2022/02/24 22:09:00,2311.1,30.62636348852468,30.62636348852468
2022/02/24 22:09:10,2316.1,29.99569263322997,29.99569263322997
2022/02/24 22:09:20,2321.0,29.378992810884277,29.378992810884277
2022/02/24 22:09:30,2326.1,30.600067119745066,30.600067119745066
2022/02/24 22:09:40,2331.0,29.399736444929115,29.399736444929115
2022/02/24 22:09:50,2336.1,30.6008003491869,30.6008003491869
2022/02/24 22:10:00,2341.1,29.999856949534657,29.999856949534657
2022/02/24 22:10:10,2341.9,4.79988533294063,0
2022/02/24 22:10:20,2341.9,0.0,0
2022/02/24 22:10:30,2341.9,0.0,0
2022/02/24 22:10:40,2341.9,0.0,0
2022/02/24 22:10:50,2341.8,-0.6005650830502436,0
2022/02/24 22:11:00,2341.8,0.0,0
2022/02/24 22:11:10,2341.8,0.0,0
2022/02/24 22:11:20,2341.8,0.0,0
2022/02/24 22:11:30,2341.8,0.0,0
2022/02/24 22:11:40,2341.7,-0.6001450746298606,0
2022/02/24 22:11:50,2341.7,0.0,0
2022/02/24 22:12:00,2341.7,0.0,0.0
2022/02/24 22:12:10,2346.2,26.99736997476299,26.99736997476299
2022/02/24 22:12:20,2351.4,31.226153917006805,31.226153917006805
2022/02/24 22:12:30,2356.6,31.198364324493518,31.198364324493518
2022/02/24 22:12:40,2361.6,29.99599939297189,29.99599939297189
2022/02/24 22:12:50,2366.5,29.395640733591556,29.395640733591556
2022/02/24 22:13:00,2371.5,30.003010098135302,30.003010098135302
2022/02/24 22:13:10,2376.5,30.007689539126552,30.007689539126552
2022/02/24 22:13:20,2381.4,29.397781658675033,29.397781658675033
2022/02/24 22:13:30,2384.7,19.80149987614245,19.80149987614245
2022/02/24 22:13:40,2390.2,32.96680214828641,32.96680214828641
2022/02/24 22:13:50,2395.8,33.60031803432348,33.60031803432348
2022/02/24 22:14:00,2401.1,31.831125305702546,31.831125305702546
2022/02/24 22:14:10,2406.4,31.76884848593512,31.76884848593512
2022/02/24 22:14:20,2411.4,29.99957013746136,29.99957013746136
2022/02/24 22:14:30,2416.3,29.42979603501916,29.42979603501916
2022/02/24 22:14:40,2421.3,29.99515277992386,29.99515277992386
2022/02/24 22:14:50,2426.3,29.985003580567607,29.985003580567607
2022/02/24 22:15:00,2431.2,29.396072397475077,29.396072397475077
2022/02/24 22:15:10,2436.3,30.61633190656111,30.61633190656111
2022/02/24 22:15:20,2441.1,28.786471201887124,28.786471201887124
2022/02/24 22:15:30,2446.1,29.9919984230434,29.9919984230434
2022/02/24 22:15:40,2451.2,30.62537253069988,30.62537253069988
2022/02/24 22:15:50,2456.2,30.00435582453288,30.00435582453288
2022/02/24 22:16:00,2461.3,30.59627677448832,30.59627677448832
2022/02/24 22:16:10,2466.3,29.988380166185834,29.988380166185834
2022/02/24 22:16:20,2471.2,29.395603594268838,29.395603594268838
2022/02/24 22:16:30,2476.3,30.614304617452248,30.614304617452248
2022/02/24 22:16:40,2481.2,29.386252378362183,29.386252378362183
2022/02/24 22:16:50,2486.2,30.02030267490569,30.02030267490569
2022/02/24 22:17:00,2491.3,30.59912455202649,30.59912455202649
2022/02/24 22:17:10,2496.3,29.970935872895858,29.970935872895858
2022/02/24 22:17:20,2501.2,29.400310524403352,29.400310524403352
2022/02/24 22:17:30,2506.2,30.000003576279113,30.000003576279113
2022/02/24 22:17:40,2511.2,30.000625861826638,30.000625861826638
2022/02/24 22:17:50,2516.2,29.999630932579965,29.999630932579965
2022/02/24 22:18:00,2521.2,30.027304682745932,30.027304682745932
2022/02/24 22:18:10,2526.1,29.37301226202205,29.37301226202205
2022/02/24 22:18:20,2531.2,30.630424454526356,30.630424454526356
2022/02/24 22:18:30,2536.1,29.397353448710454,29.397353448710454
2022/02/24 22:18:40,2541.1,29.9949368440424,29.9949368440424
2022/02/24 22:18:50,2546.1,29.997468208373604,29.997468208373604
2022/02/24 22:19:00,2551.1,30.005242309943373,30.005242309943373
2022/02/24 22:19:10,2556.2,30.586712444127386,30.586712444127386
2022/02/24 22:19:20,2561.2,29.997072028806546,29.997072028806546
2022/02/24 22:19:30,2566.1,29.39596798410917,29.39596798410917
2022/02/24 22:19:40,2571.1,29.996440594557782,29.996440594557782
2022/02/24 22:19:50,2576.2,30.62885139679463,30.62885139679463
2022/02/24 22:20:00,2581.2,29.993894389383875,29.993894389383875
2022/02/24 22:20:10,2581.9,4.198978562874595,0
2022/02/24 22:20:20,2582.0,0.6002771608227159,0
2022/02/24 22:20:30,2581.9,-0.5998379096295684,0
2022/02/24 22:20:40,1244.3,-8019.7412712980795,0
2022/02/24 22:20:50,1260.0,94.29479829692359,0
2022/02/24 22:21:00,1283.8,142.6567617686954,0
2022/02/24 22:21:10,1284.8,6.005727508075786,0
2022/02/24 22:21:20,1286.5,10.190256061325453,0
2022/02/24 22:21:30,1283.2,-19.81864963250957,0
2022/02/24 22:21:40,1284.2,6.000248060944979,0
2022/02/24 22:21:50,1282.2,-12.000208572198131,0
2022/02/24 22:22:00,1282.5,1.799892460572299,1.799892460572299
2022/02/24 22:22:10,1288.7,37.20255627077064,37.20255627077064
2022/02/24 22:22:20,1286.2,-14.99842481466988,-14.99842481466988
2022/02/24 22:22:30,1298.7,74.96302521072484,74.96302521072484
2022/02/24 22:22:40,1296.6,-12.59495457585456,-12.59495457585456
2022/02/24 22:22:50,1294.2,-14.413974080753597,-14.413974080753597
2022/02/24 22:23:00,1315.3,126.60183218269616,126.60183218269616
2022/02/24 22:23:10,1269.8,-272.9847311453994,-272.9847311453994
2022/02/24 22:23:20,1301.8,191.98445560428542,191.98445560428542
2022/02/24 22:23:30,1326.0,145.14188516570422,145.14188516570422
2022/02/24 22:23:40,1252.4,-441.55891083648163,-441.55891083648163
2022/02/24 22:23:50,1272.9,122.98270039719716,122.98270039719716
2022/02/24 22:24:00,1293.1,121.2109411388184,121.2109411388184
2022/02/24 22:24:10,1243.6,-297.20315204546796,-297.20315204546796
2022/02/24 22:24:20,1283.2,237.35781524035949,237.35781524035949
2022/02/24 22:24:30,1290.6,44.44481564970585,44.44481564970585
2022/02/24 22:24:40,1293.1,14.999928474767328,14.999928474767328
2022/02/24 22:24:50,1292.9,-1.1999962234605008,-1.1999962234605008
2022/02/24 22:25:00,1300.2,43.757549698418615,43.757549698418615
2022/02/24 22:25:10,1307.9,46.200084815181306,46.200084815181306
2022/02/24 22:25:20,1301.7,-37.226994271368525,-37.226994271368525
2022/02/24 22:25:30,1312.0,61.75509313724762,61.75509313724762
2022/02/24 22:25:40,1268.3,-262.20085018433656,-262.20085018433656
2022/02/24 22:25:50,1307.3,234.21578231478233,234.21578231478233
2022/02/24 22:26:00,1306.6,-4.196760603796566,-4.196760603796566
2022/02/24 22:26:10,1290.6,-96.02810805040681,-96.02810805040681
2022/02/24 22:26:20,1318.7,168.65423967931434,168.65423967931434
2022/02/24 22:26:30,1318.6,-0.6000739236354293,-0.6000739236354293
2022/02/24 22:26:40,1241.6,-461.59777651938845,-461.59777651938845
2022/02/24 22:29:46,1310.6,28.792027506648758,28.792027506648758
2022/02/24 22:29:50,1312.6,34.0405399885133,34.0405399885133
2022/02/24 22:30:00,1318.0,32.38590149461348,32.38590149461348
2022/02/24 22:30:10,1323.4,32.393137230458095,32.393137230458095
2022/02/24 22:30:20,1328.7,31.806352467885304,31.806352467885304
2022/02/24 22:30:30,1333.7,29.99344110865954,29.99344110865954
2022/02/24 22:30:40,1338.7,30.003356355381477,30.003356355381477
2022/02/24 22:30:50,1343.5,28.796851387966235,28.796851387966235
2022/02/24 22:31:00,1348.6,30.618541343964875,30.618541343964875
2022/02/24 22:31:10,1353.5,29.382088312720178,29.382088312720178
2022/02/24 22:31:20,1358.5,30.00631489137521,30.00631489137521
2022/02/24 22:31:30,1363.4,29.4154675993425,29.4154675993425
2022/02/24 22:31:40,1368.4,29.979624053409324,29.979624053409324
2022/02/24 22:31:50,1373.3,29.407371642718726,29.407371642718726
2022/02/24 22:32:00,1378.4,30.588730248248773,30.588730248248773
2022/02/24 22:32:10,1383.3,29.430843309127372,29.430843309127372
2022/02/24 22:32:20,1388.3,29.97038834420747,29.97038834420747
2022/02/24 22:32:30,1393.3,30.000092983534046,30.000092983534046
2022/02/24 22:32:40,1398.3,30.000420576269597,30.000420576269597
2022/02/24 22:32:50,1403.1,28.82766815684582,28.82766815684582
2022/02/24 22:33:00,1408.2,30.570080809183533,30.570080809183533
2022/02/24 22:33:10,1413.2,30.000040054374768,30.000040054374768
2022/02/24 22:33:20,1418.2,30.029923215171216,30.029923215171216
2022/02/24 22:33:30,1423.2,29.977251388205644,29.977251388205644
2022/02/24 22:33:40,1428.2,30.005371101527935,30.005371101527935
2022/02/24 22:33:50,1433.3,30.613924165517872,30.613924165517872
2022/02/24 22:34:00,1438.3,29.982138545612354,29.982138545612354
2022/02/24 22:34:10,1443.3,30.013015430871775,30.013015430871775
2022/02/24 22:34:20,1448.3,29.983498833094494,29.983498833094494
2022/02/24 22:34:30,1453.3,29.9972093317315,29.9972093317315
2022/02/24 22:34:40,1458.3,30.024162903280263,30.024162903280263
2022/02/24 22:34:50,1463.3,29.978059137835185,29.978059137835185
2022/02/24 22:35:00,1468.3,30.021919996213054,30.021919996213054
2022/02/24 22:35:10,1473.4,30.580644598671757,30.580644598671757
2022/02/24 22:35:20,1478.3,29.39311477297118,29.39311477297118
2022/02/24 22:35:30,1483.2,29.405913006551746,29.405913006551746
2022/02/24 22:35:40,1488.3,30.59359798408677,30.59359798408677
2022/02/24 22:35:50,1493.3,30.00080396899369,30.00080396899369
2022/02/24 22:36:00,1498.3,29.999339833482114,29.999339833482114
2022/02/24 22:36:10,1503.3,30.000105142961885,30.000105142961885
2022/02/24 22:36:20,1508.4,30.59978040376026,30.59978040376026
2022/02/24 22:36:30,1513.3,29.39978200597195,29.39978200597195
2022/02/24 22:36:40,1518.3,30.00037122232114,30.00037122232114
2022/02/24 22:36:50,1523.4,30.62918616971205,30.62918616971205
2022/02/24 22:37:00,1528.4,30.000927715378925,30.000927715378925
2022/02/24 22:37:10,1533.4,29.99903300541345,29.99903300541345
2022/02/24 22:37:20,1538.5,30.59941782151593,30.59941782151593
2022/02/24 22:37:30,1543.5,29.983013001967294,29.983013001967294
2022/02/24 22:37:40,1548.6,30.611511692378546,30.611511692378546
2022/02/24 22:37:50,1553.5,29.40639405998826,29.40639405998826
2022/02/24 22:38:00,1554.3,4.800159993735785,0
2022/02/24 22:38:10,1554.3,0.0,0
2022/02/24 22:38:20,1236.8,-1904.9189764153023,0
2022/02/24 22:38:30,1294.4,345.569729824368,0
2022/02/24 22:38:40,1295.0,3.6005080176931816,0
2022/02/24 22:38:50,1295.0,0.0,0
2022/02/24 22:39:00,1295.2,1.2006248579033523,0
2022/02/24 22:39:10,1295.2,0.0,0
2022/02/24 22:39:20,1295.3,0.6002523481758236,0
2022/02/24 22:39:30,1295.4,0.6000330323292251,0
2022/02/24 22:39:40,1295.4,0.0,0
2022/02/24 22:39:50,1295.4,0.0,0.0
2022/02/24 22:40:00,1299.9,26.99913163593824,26.99913163593824
2022/02/24 22:40:10,1305.2,31.770396741736604,31.770396741736604
2022/02/24 22:40:20,1310.2,29.999372733834086,29.999372733834086
2022/02/24 22:40:30,1315.3,30.600273587765038,30.600273587765038
2022/02/24 22:40:40,1320.2,29.39998107434592,29.39998107434592
2022/02/24 22:40:50,1325.1,29.42859643232245,29.42859643232245
2022/02/24 22:41:00,1330.0,29.40066171228121,29.40066171228121
2022/02/24 22:41:10,1335.0,29.998701867010865,29.998701867010865
2022/02/24 22:41:20,1339.9,29.390767175000313,29.390767175000313
2022/02/24 22:41:30,1345.0,30.606838242558197,30.606838242558197
2022/02/24 22:41:40,1349.8,28.79865423769194,28.79865423769194
2022/02/24 22:41:50,1354.9,30.575685562700652,30.575685562700652
2022/02/24 22:42:00,1360.0,30.608785704876855,30.608785704876855
2022/02/24 22:42:10,1365.0,29.990867534633818,29.990867534633818
2022/02/24 22:42:20,1369.9,29.42269606372043,29.42269606372043
2022/02/24 22:42:30,1374.9,29.9766279295313,29.9766279295313
2022/02/24 22:42:40,1379.9,30.00021600878798,30.00021600878798
2022/02/24 22:42:50,1384.9,30.00052214577595,30.00052214577595
2022/02/24 22:43:00,1389.9,30.0045683186837,30.0045683186837
2022/02/24 22:43:10,1394.9,29.994916108641235,29.994916108641235
2022/02/24 22:43:20,1399.9,30.000011444096163,30.000011444096163
2022/02/24 22:43:30,1404.8,29.399904671023616,29.399904671023616
2022/02/24 22:43:40,1409.8,30.00013303815711,30.00013303815711
2022/02/24 22:43:50,1414.9,30.630206614404344,30.630206614404344
2022/02/24 22:44:00,1419.8,29.392336402155678,29.392336402155678
2022/02/24 22:44:10,1424.8,29.9781712692086,29.9781712692086
2022/02/24 22:44:20,1429.8,30.000065803672168,30.000065803672168
2022/02/24 22:44:30,1434.8,29.999721768098645,29.999721768098645
2022/02/24 22:44:40,1439.8,30.000271799642654,30.000271799642654
2022/02/24 22:44:50,1444.8,30.00019955767814,30.00019955767814
2022/02/24 22:45:00,1449.8,30.024149291527248,30.024149291527248
2022/02/24 22:45:10,1454.8,30.001961359454338,30.001961359454338
2022/02/24 22:45:20,1459.7,29.39541719834716,29.39541719834716
2022/02/24 22:45:30,1464.7,29.995537468104338,29.995537468104338
2022/02/24 22:45:40,1469.8,30.602568999419788,30.602568999419788
2022/02/24 22:45:50,1474.7,29.409357864620308,29.409357864620308
2022/02/24 22:46:00,1479.7,29.970951578055594,29.970951578055594
2022/02/24 22:46:10,1484.6,29.39972312711073,29.39972312711073
2022/02/24 22:46:20,1489.6,30.00009870561651,30.00009870561651
2022/02/24 22:46:30,1494.6,30.029564877797693,30.029564877797693
2022/02/24 22:46:40,1499.7,30.569679612123736,30.569679612123736
2022/02/24 22:46:50,1504.6,29.400094628637802,29.400094628637802
2022/02/24 22:47:00,1509.7,30.630143748367683,30.630143748367683
2022/02/24 22:47:10,1514.6,29.371108598742456,29.371108598742456
2022/02/24 22:47:20,1519.6,29.999881268017518,29.999881268017518
2022/02/24 22:47:30,1524.7,30.600260455441877,30.600260455441877
2022/02/24 22:47:40,1529.7,30.029851547012356,30.029851547012356
2022/02/24 22:47:50,1534.6,29.37065877977453,29.37065877977453
2022/02/24 22:48:00,1535.4,4.799888880442211,0
2022/02/24 22:48:10,1535.4,0.0,0
2022/02/24 22:48:20,1535.5,0.6000026178468747,0
2022/02/24 22:48:30,1535.2,-1.7999897432908991,0
2022/02/24 22:48:40,1244.3,-1745.3924263615233,0
2022/02/24 22:48:50,1323.4,474.60365488482864,0
2022/02/24 22:49:00,1323.9,3.0000173092887126,0
2022/02/24 22:49:10,1324.2,1.8000313287462841,0
2022/02/24 22:49:20,1324.3,0.5999891569184344,0
2022/02/24 22:49:30,1324.4,0.5999983406120973,0
2022/02/24 22:49:40,1324.4,0.0,0
2022/02/24 22:49:50,1324.5,0.5999934054140381,0.5999934054140381
2022/02/24 22:50:00,1328.9,26.400221559477135,26.400221559477135
2022/02/24 22:50:10,1334.3,32.400698333531835,32.400698333531835
2022/02/24 22:50:20,1339.4,30.62981187845107,30.62981187845107
2022/02/24 22:50:30,1344.4,29.993614125868223,29.993614125868223
2022/02/24 22:50:40,1349.4,29.976572940720942,29.976572940720942
2022/02/24 22:50:50,1354.2,28.7998310861955,28.7998310861955
2022/02/24 22:51:00,1359.1,29.39987873604165,29.39987873604165
2022/02/24 22:51:10,1364.2,30.600924381523747,30.600924381523747
2022/02/24 22:51:20,1369.2,29.999447832733946,29.999447832733946
2022/02/24 22:51:30,1374.2,30.027724591792627,30.027724591792627
2022/02/24 22:51:40,1379.1,29.40116292307985,29.40116292307985
2022/02/24 22:51:50,1384.1,29.971093639111924,29.971093639111924
2022/02/24 22:52:00,1389.0,29.399901867240942,29.399901867240942
2022/02/24 22:52:10,1394.0,29.999860525779663,29.999860525779663
2022/02/24 22:52:20,1399.0,29.999436389067778,29.999436389067778
2022/02/24 22:52:30,1404.0,30.000868345598498,30.000868345598498
2022/02/24 22:52:40,1409.0,30.012434150415224,30.012434150415224
2022/02/24 22:52:50,1414.1,30.58731965269699,30.58731965269699
2022/02/24 22:53:00,1419.0,29.428347814960258,29.428347814960258
2022/02/24 22:53:10,1424.0,29.9711072028008,29.9711072028008
2022/02/24 22:53:20,1429.1,30.59996206288218,30.59996206288218
2022/02/24 22:53:30,1434.0,29.40006028187769,29.40006028187769
2022/02/24 22:53:40,1439.0,29.999495753180838,29.999495753180838
2022/02/24 22:53:50,1444.0,30.029556994471616,30.029556994471616
2022/02/24 22:54:00,1449.0,29.971005118496578,29.971005118496578
2022/02/24 22:54:10,1454.0,29.999724629068798,29.999724629068798
2022/02/24 22:54:20,1459.2,31.199399711714843,31.199399711714843
2022/02/24 22:54:30,1464.1,29.400848174721173,29.400848174721173
2022/02/24 22:54:40,1469.2,30.599975194951956,30.599975194951956
2022/02/24 22:54:50,1474.0,28.799997940063353,28.799997940063353
2022/02/24 22:55:00,1479.1,30.63000485920017,30.63000485920017
2022/02/24 22:55:10,1484.0,29.398359166174288,29.398359166174288
2022/02/24 22:55:20,1488.9,29.372834548355524,29.372834548355524
2022/02/24 22:55:30,1494.0,30.600024075526512,30.600024075526512
2022/02/24 22:55:40,1498.9,29.39988504454793,29.39988504454793
2022/02/24 22:55:50,1503.9,30.0000236034579,30.0000236034579
2022/02/24 22:56:00,1509.0,30.6001203780136,30.6001203780136
2022/02/24 22:56:10,1513.9,29.39983247375635,29.39983247375635
2022/02/24 22:56:20,1518.8,29.400133882177762,29.400133882177762
2022/02/24 22:56:30,1523.9,30.599840956561703,30.599840956561703
2022/02/24 22:56:40,1528.8,29.40018435116887,29.40018435116887
2022/02/24 22:56:50,1533.9,30.628126324216467,30.628126324216467
2022/02/24 22:57:00,1538.8,29.3726652326093,29.3726652326093
2022/02/24 22:57:10,1543.9,30.629502675727217,30.629502675727217
2022/02/24 22:57:20,1549.1,31.17027668032284,31.17027668032284
2022/02/24 22:57:30,1554.1,30.00003433231468,30.00003433231468
2022/02/24 22:57:40,1559.1,30.000052213759698,30.000052213759698
2022/02/24 22:57:50,1564.1,30.029650161317125,30.029650161317125
2022/02/24 22:58:00,1564.9,4.800025634903622,0
2022/02/24 22:58:10,1564.9,0.0,0
2022/02/24 22:58:20,1564.9,0.0,0
2022/02/24 22:58:30,1231.7,-2001.205449950035,0
2022/02/24 22:58:40,1290.2,350.6500859416226,0
2022/02/24 22:58:50,1290.9,4.199969258533694,0
2022/02/24 22:59:00,1291.0,0.6000064230647342,0
2022/02/24 22:59:10,1291.0,0.0,0
2022/02/24 22:59:20,1291.0,0.0,0
2022/02/24 22:59:30,1291.0,0.0,0
2022/02/24 22:59:40,1291.0,0.0,0
2022/02/24 22:59:50,1290.9,-0.6000018882805435,-0.6000018882805435
2022/02/24 23:00:00,1295.3,26.40007364293532,26.40007364293532
2022/02/24 23:00:10,1300.5,31.200361523049157,31.200361523049157
2022/02/24 23:00:20,1305.7,31.229122731841677,31.229122731841677
2022/02/24 23:00:30,1310.7,29.97167546100799,29.97167546100799
2022/02/24 23:00:40,1315.5,28.80005561839327,28.80005561839327
2022/02/24 23:00:50,1320.4,29.39998387814507,29.39998387814507
2022/02/24 23:01:00,1325.3,29.39950653904348,29.39950653904348
2022/02/24 23:01:10,1330.4,30.60043117653989,30.60043117653989
2022/02/24 23:01:20,1335.4,29.9996273563897,29.9996273563897
2022/02/24 23:01:30,1340.3,29.400174537740362,29.400174537740362
2022/02/24 23:01:40,1345.3,30.02785859254388,30.02785859254388
2022/02/24 23:01:50,1350.3,29.972221608862846,29.972221608862846
2022/02/24 23:02:00,1355.2,29.40018154733285,29.40018154733285
2022/02/24 23:02:10,1360.2,29.999805451701096,29.999805451701096
2022/02/24 23:02:20,1365.2,30.00023675151741,30.00023675151741
2022/02/24 23:02:30,1370.2,30.000031471285457,30.000031471285457
2022/02/24 23:02:40,1375.2,30.00117735714745,30.00117735714745
2022/02/24 23:02:50,1380.2,30.016161321905436,30.016161321905436
2022/02/24 23:03:00,1385.1,29.383039775061878,29.383039775061878
2022/02/24 23:03:10,1390.2,30.599999270439984,30.599999270439984
2022/02/24 23:03:20,1395.1,29.399910278593303,29.399910278593303
2022/02/24 23:03:30,1400.1,29.999810458427156,29.999810458427156
2022/02/24 23:03:40,1405.1,30.000012874608796,30.000012874608796
2022/02/24 23:03:50,1410.1,30.027921652134776,30.027921652134776
2022/02/24 23:04:00,1415.2,30.571793478393733,30.571793478393733
2022/02/24 23:04:10,1420.1,29.400048365671704,29.400048365671704
2022/02/24 23:04:20,1425.2,30.59992923276183,30.59992923276183
2022/02/24 23:04:30,1430.4,31.200055046178935,31.200055046178935
2022/02/24 23:04:40,1435.4,29.9997432253881,29.9997432253881
2022/02/24 23:04:50,1440.4,30.000158787614126,30.000158787614126
2022/02/24 23:05:00,1445.4,29.9997918620245,29.9997918620245
2022/02/24 23:05:10,1450.3,29.399936914578518,29.399936914578518
2022/02/24 23:05:20,1455.2,29.400337862083255,29.400337862083255
2022/02/24 23:05:30,1460.2,29.999917745815736,29.999917745815736
2022/02/24 23:05:40,1465.2,30.000094414054455,30.000094414054455
2022/02/24 23:05:50,1470.1,29.427805647028997,29.427805647028997
2022/02/24 23:06:00,1475.1,29.97223160391101,29.97223160391101
2022/02/24 23:06:10,1479.9,28.79947747225021,28.79947747225021
2022/02/24 23:06:20,1485.0,30.629121845962338,30.629121845962338
2022/02/24 23:06:30,1490.0,29.971290670745883,29.971290670745883
2022/02/24 23:06:40,1495.0,30.0002059950668,30.0002059950668
2022/02/24 23:06:50,1500.0,29.999926328839972,29.999926328839972
2022/02/24 23:07:00,1505.0,30.000118732922306,30.000118732922306
2022/02/24 23:07:10,1510.0,29.999909878047834,29.999909878047834
2022/02/24 23:07:20,1514.9,29.400032243764546,29.400032243764546
2022/02/24 23:07:30,1519.9,29.999895573025853,29.999895573025853
2022/02/24 23:07:40,1524.9,29.999846936053174,29.999846936053174
2022/02/24 23:07:50,1529.9,30.000045776437037,30.000045776437037
2022/02/24 23:08:00,1530.6,4.200031042327341,0
2022/02/24 23:08:10,1530.6,0.0,0
2022/02/24 23:08:20,1530.6,0.0,0
2022/02/24 23:08:30,1530.5,-0.6005655130127323,0
2022/02/24 23:08:40,1530.5,0.0,0
2022/02/24 23:08:50,1530.5,0.0,0
2022/02/24 23:09:00,1530.5,0.0,0
2022/02/24 23:09:10,1530.6,0.6000028896465497,0
2022/02/24 23:09:20,1530.5,-0.599993476938048,0
2022/02/24 23:09:30,1530.5,0.0,0
2022/02/24 23:09:40,1530.5,0.0,0
2022/02/24 23:09:50,1530.5,0.0,0.0
2022/02/24 23:10:00,1535.1,27.60028559026535,27.60028559026535
2022/02/24 23:10:10,1235.2,-1801.059654513524,-1801.059654513524
2022/02/24 23:10:20,1276.2,245.77328266907335,245.77328266907335
2022/02/24 23:10:30,1293.5,103.7998391392337,103.7998391392337
2022/02/24 23:10:40,1296.5,18.000041198824764,18.000041198824764
2022/02/24 23:10:50,1302.7,37.200031042125175,37.200031042125175
2022/02/24 23:11:00,1293.2,-57.001046438354436,-57.001046438354436
2022/02/24 23:11:10,1279.4,-82.86146001866267,-82.86146001866267
2022/02/24 23:11:20,1309.4,180.02819550553025,180.02819550553025
2022/02/24 23:11:30,1294.4,-89.91707176954124,-89.91707176954124
2022/02/24 23:11:40,1302.8,50.44725268402488,50.44725268402488
2022/02/24 23:11:50,1324.1,127.68039582367126,127.68039582367126
2022/02/24 23:12:00,1265.4,-352.2015114849096,-352.2015114849096
2022/02/24 23:12:10,1244.7,-124.3195651755244,-124.3195651755244
2022/02/24 23:12:20,1286.6,251.15719039646575,251.15719039646575
2022/02/24 23:12:30,1286.0,-3.599934254892775,-3.599934254892775
2022/02/24 23:12:40,1275.6,-62.40126013439552,-62.40126013439552
2022/02/24 23:12:50,1304.7,174.68521221737865,174.68521221737865
2022/02/24 23:13:52,1306.6,92.29170922808545,92.29170922808545
2022/02/24 23:14:00,1311.4,35.97776964015056,35.97776964015056
2022/02/24 23:14:10,1317.2,34.79347234168367,34.79347234168367
2022/02/24 23:14:20,1322.4,31.19927400371036,31.19927400371036
2022/02/24 23:14:30,1327.5,30.63044199883219,30.63044199883219
2022/02/24 23:14:40,1332.4,29.370485291849533,29.370485291849533
2022/02/24 23:14:50,1337.5,30.602352284997558,30.602352284997558
2022/02/24 23:15:00,1342.4,29.398165025806076,29.398165025806076
2022/02/24 23:15:10,1347.3,29.399728734611163,29.399728734611163
2022/02/24 23:15:20,1352.4,30.600166340779307,30.600166340779307
2022/02/24 23:15:30,1357.3,29.400106544879925,29.400106544879925
2022/02/24 23:15:40,1362.2,29.40002243043758,29.40002243043758
2022/02/24 23:15:50,1367.4,31.23044859730007,31.23044859730007
2022/02/24 23:16:00,1372.4,29.97127639300419,29.97127639300419
2022/02/24 23:16:10,1377.4,30.029106218438255,30.029106218438255
2022/02/24 23:16:20,1382.5,30.591559850439737,30.591559850439737
2022/02/24 23:16:30,1387.4,29.37887871959477,29.37887871959477
2022/02/24 23:16:40,1392.3,29.42487533640012,29.42487533640012
2022/02/24 23:16:50,1397.2,29.40432690395532,29.40432690395532
2022/02/24 23:17:00,1402.2,29.970416184166506,29.970416184166506
2022/02/24 23:17:10,1407.2,30.000097275095687,30.000097275095687
2022/02/24 23:17:20,1412.1,29.428002285938256,29.428002285938256
2022/02/24 23:17:30,1417.1,29.971144324538386,29.971144324538386
2022/02/24 23:17:40,1422.0,29.400338563050003,29.400338563050003
2022/02/24 23:17:50,1427.1,30.628640157388446,30.628640157388446
2022/02/24 23:18:00,1432.1,30.001199531832096,30.001199531832096
2022/02/24 23:18:10,1437.1,29.97053182762691,29.97053182762691
2022/02/24 23:18:20,1442.1,30.029758378917247,30.029758378917247
2022/02/24 23:18:30,1447.1,29.970486855064042,29.970486855064042
2022/02/24 23:18:40,1452.0,29.4120619983305,29.4120619983305
2022/02/24 23:18:50,1457.1,30.587322568522595,30.587322568522595
2022/02/24 23:19:00,1462.0,29.4281926068151,29.4281926068151
2022/02/24 23:19:10,1467.1,30.57084464176802,30.57084464176802
2022/02/24 23:19:20,1471.9,28.799417049764884,28.799417049764884
2022/02/24 23:19:30,1477.0,30.600657348447992,30.600657348447992
2022/02/24 23:19:40,1482.1,30.60001750946992,30.60001750946992
2022/02/24 23:19:50,1487.0,29.399941821214004,29.399941821214004
2022/02/24 23:20:00,1492.1,30.599708178441663,30.599708178441663
2022/02/24 23:20:10,1497.1,30.000231029382288,30.000231029382288
2022/02/24 23:20:20,1502.0,29.429046623042193,29.429046623042193
2022/02/24 23:20:30,1507.1,30.598400156699025,30.598400156699025
2022/02/24 23:20:40,1512.2,30.60016925905472,30.60016925905472
2022/02/24 23:20:50,1517.1,29.372353892636113,29.372353892636113
2022/02/24 23:21:00,1522.0,29.429501041682254,29.429501041682254
2022/02/24 23:21:10,1527.0,29.998764089003902,29.998764089003902
2022/02/24 23:21:20,1532.0,29.970970852592313,29.970970852592313
2022/02/24 23:21:30,1537.1,30.60034873406105,30.60034873406105
2022/02/24 23:21:40,1542.0,29.42743414712056,29.42743414712056
2022/02/24 23:21:50,1546.9,29.372318211399186,29.372318211399186
2022/02/24 23:22:00,1547.8,5.399999227523096,0
2022/02/24 23:22:10,1547.8,0.0,0
2022/02/24 23:22:20,1225.6,-1933.2011061865464,0
2022/02/24 23:22:30,1295.2,417.5954599492621,0
2022/02/24 23:22:40,1295.9,4.200117362441068,0
2022/02/24 23:22:50,1296.3,2.399904617284981,0
2022/02/24 23:23:00,1296.4,0.5999986410179957,0
2022/02/24 23:23:10,1296.5,0.6000136044720403,0
2022/02/24 23:23:20,1296.6,0.5999959659842182,0
2022/02/24 23:23:30,1296.6,0.0,0
2022/02/24 23:23:40,1296.7,0.5999922181193275,0
2022/02/24 23:23:50,1296.7,0.0,0.0
2022/02/24 23:24:00,1301.2,27.000697821532214,27.000697821532214
2022/02/24 23:24:10,1306.4,31.229955204196727,31.229955204196727
2022/02/24 23:24:20,1311.6,31.169374630500236,31.169374630500236
2022/02/24 23:24:30,1316.6,30.000791093705885,30.000791093705885
2022/02/24 23:24:40,1321.6,29.999919891571334,29.999919891571334
2022/02/24 23:24:50,1326.4,28.799588018589844,28.799588018589844
2022/02/24 23:25:00,1331.3,29.42743344485982,29.42743344485982
2022/02/24 23:25:10,1336.4,30.577586809901018,30.577586809901018
2022/02/24 23:25:20,1341.6,31.19378251977179,31.19378251977179
2022/02/24 23:25:30,1346.4,28.79997665407275,28.79997665407275
2022/02/24 23:25:40,1351.5,30.599986138349543,30.599986138349543
2022/02/24 23:25:50,1356.5,30.000084400414448,30.000084400414448
2022/02/24 23:26:00,1361.5,30.000536451395476,30.000536451395476
2022/02/24 23:26:10,1366.4,29.427524738861397,29.427524738861397
2022/02/24 23:26:20,1371.4,29.971176449193212,29.971176449193212
2022/02/24 23:26:30,1376.5,30.60026483288077,30.60026483288077
2022/02/24 23:26:40,1381.5,29.999635224009413,29.999635224009413
2022/02/24 23:26:50,1386.5,30.00028968137076,30.00028968137076
2022/02/24 23:27:00,1391.5,30.028970773275866,30.028970773275866
2022/02/24 23:27:10,1396.6,30.598832747163335,30.598832747163335
2022/02/24 23:27:20,1401.7,30.57175051368178,30.57175051368178
2022/02/24 23:27:30,1406.6,29.428642082859806,29.428642082859806
2022/02/24 23:27:40,1411.6,29.970788816289666,29.970788816289666
2022/02/24 23:27:50,1416.6,30.028279950292504,30.028279950292504
2022/02/24 23:28:00,1421.6,29.971679030537192,29.971679030537192
2022/02/24 23:28:10,1426.5,29.400084114315906,29.400084114315906
2022/02/24 23:28:20,1431.5,30.02811728186913,30.02811728186913
2022/02/24 23:28:30,1436.5,30.000969202834842,30.000969202834842
2022/02/24 23:28:40,1441.6,30.57017983584817,30.57017983584817
2022/02/24 23:28:50,1446.6,30.000241758387432,30.000241758387432
2022/02/24 23:29:00,1451.6,30.000021457687467,30.000021457687467
2022/02/24 23:29:10,1456.6,29.99994349490318,29.99994349490318
2022/02/24 23:29:20,1461.6,30.000015020378004,30.000015020378004
2022/02/24 23:29:30,1466.6,29.999879837517437,29.999879837517437
2022/02/24 23:29:40,1471.6,30.02803988958157,30.02803988958157
2022/02/24 23:29:50,1476.6,29.972126656237766,29.972126656237766
2022/02/24 23:30:00,1481.5,29.429078930550112,29.429078930550112
2022/02/24 23:30:10,1486.5,29.970231299253506,29.970231299253506
2022/02/24 23:30:20,1491.5,29.999806166947575,29.999806166947575
2022/02/24 23:30:30,1496.5,30.00012660079976,30.00012660079976
2022/02/24 23:30:40,1501.5,30.02800477654562,30.02800477654562
2022/02/24 23:30:50,1506.5,29.972278009579096,29.972278009579096
2022/02/24 23:31:00,1511.5,30.000487812344744,30.000487812344744
2022/02/24 23:31:10,1516.4,29.399219161745947,29.399219161745947
2022/02/24 23:31:20,1521.4,30.000269653836714,30.000269653836714
2022/02/24 23:31:30,1526.5,30.630323575157842,30.630323575157842
2022/02/24 23:31:40,1531.4,29.370949096817785,29.370949096817785
2022/02/24 23:31:50,1536.5,30.629768750508376,30.629768750508376
2022/02/24 23:32:00,1537.3,4.79966310958371,0
2022/02/24 23:32:10,1537.2,-0.599458282773141,0
2022/02/24 23:32:20,1537.2,0.0,0
2022/02/24 23:32:30,1537.2,0.0,0
2022/02/24 23:32:40,1537.2,0.0,0
2022/02/24 23:32:50,1537.2,0.0,0
2022/02/24 23:33:00,1537.2,0.0,0
2022/02/24 23:33:10,1537.2,0.0,0
2022/02/24 23:33:20,1537.2,0.0,0
2022/02/24 23:33:30,1537.2,0.0,0
2022/02/24 23:33:40,1537.2,0.0,0
2022/02/24 23:33:50,1537.2,0.0,0.0
2022/02/24 23:34:00,1541.7,27.02549452165934,27.02549452165934
2022/02/24 23:34:10,1547.0,31.800229727497005,31.800229727497005
2022/02/24 23:34:20,1552.1,30.570841729083185,30.570841729083185
2022/02/24 23:34:30,1557.1,30.00013089237102,30.00013089237102
2022/02/24 23:34:40,1562.0,29.399866819985558,29.399866819985558
2022/02/24 23:34:50,1566.9,29.429159699630254,29.429159699630254
2022/02/24 23:35:00,1571.9,29.970254142053616,29.970254142053616
2022/02/24 23:35:10,1576.9,30.027589159093473,30.027589159093473
2022/02/24 23:35:20,1582.0,30.602414307330132,30.602414307330132
2022/02/24 23:35:30,1587.0,29.969878667944737,29.969878667944737
2022/02/24 23:35:40,1592.0,30.028909859183162,30.028909859183162
2022/02/24 23:35:50,1597.0,29.971359917986085,29.971359917986085
2022/02/24 23:36:00,1601.9,29.428847863195376,29.428847863195376
2022/02/24 23:36:10,1606.8,29.371382834173783,29.371382834173783
2022/02/24 23:36:20,1611.8,30.02954051116683,30.02954051116683
2022/02/24 23:36:30,1616.9,30.56947137242931,30.56947137242931
2022/02/24 23:36:40,1621.9,30.000193120292245,30.000193120292245
2022/02/24 23:36:50,1626.9,30.000194550822208,30.000194550822208
2022/02/24 23:37:00,1631.9,30.029048170361904,30.029048170361904
2022/02/24 23:37:10,1636.9,30.000602257421036,30.000602257421036
2022/02/24 23:37:20,1641.8,29.39923247910502,29.39923247910502
2022/02/24 23:37:30,1646.8,29.970958002898413,29.970958002898413
2022/02/24 23:37:40,1651.8,30.000292542449234,30.000292542449234
2022/02/24 23:37:50,1656.9,30.59999197483355,30.59999197483355
2022/02/24 23:38:00,1661.8,29.3999887847935,29.3999887847935
2022/02/24 23:38:10,1666.8,29.99987697651768,29.99987697651768
2022/02/24 23:38:20,1671.8,30.027914486258833,30.027914486258833
2022/02/24 23:38:30,1676.8,29.97225088009415,29.97225088009415
2022/02/24 23:38:40,1681.8,29.999859810530594,29.999859810530594
2022/02/24 23:38:50,1686.9,30.629383528353326,30.629383528353326
2022/02/24 23:39:00,1691.9,29.971358490204707,29.971358490204707
2022/02/24 23:39:10,1696.8,29.428712314732294,29.428712314732294
2022/02/24 23:39:20,1701.9,30.599978842750737,30.599978842750737
2022/02/24 23:39:30,1706.8,29.371065924811802,29.371065924811802
2022/02/24 23:39:40,1711.8,30.02919006605585,30.02919006605585
2022/02/24 23:39:50,1716.8,29.97119286848783,29.97119286848783
2022/02/24 23:40:00,1721.9,30.626472380870112,30.626472380870112
2022/02/24 23:40:10,1726.8,29.374496325058754,29.374496325058754
2022/02/24 23:40:20,1731.8,29.999921322075238,29.999921322075238
2022/02/24 23:40:30,1736.8,29.99991345430546,29.99991345430546
2022/02/24 23:40:40,1741.8,30.03007515279933,30.03007515279933
2022/02/24 23:40:50,1746.7,29.370788197507277,29.370788197507277
2022/02/24 23:41:00,1751.7,30.000406986035706,30.000406986035706
2022/02/24 23:41:10,1756.6,29.399463081627967,29.399463081627967
2022/02/24 23:41:20,1761.6,30.028029140684293,30.028029140684293
2022/02/24 23:41:30,1766.7,30.571583025279708,30.571583025279708
2022/02/24 23:41:40,1771.7,30.026980085336593,30.026980085336593
2022/02/24 23:41:50,1776.7,29.97317616604403,29.97317616604403
2022/02/24 23:42:00,1777.4,4.203915451935322,0
2022/02/24 23:42:10,1777.5,0.5994409767668456,0
2022/02/24 23:42:20,1777.5,0.0,0
2022/02/24 23:42:30,1777.5,0.0,0
2022/02/24 23:42:40,1777.5,0.0,0
2022/02/24 23:42:50,1777.4,-0.5994371073262206,0
2022/02/24 23:43:00,1777.4,0.0,0
2022/02/24 23:43:10,1777.4,0.0,0
2022/02/24 23:43:20,1777.4,0.0,0
2022/02/24 23:43:30,1777.4,0.0,0
2022/02/24 23:43:40,1777.4,0.0,0
2022/02/24 23:43:50,1777.4,0.0,0.0
2022/02/24 23:44:00,1781.8,26.399329049949607,26.399329049949607
2022/02/24 23:44:10,1787.0,31.20050509316849,31.20050509316849
2022/02/24 23:44:20,1792.0,30.027190033852715,30.027190033852715
2022/02/24 23:44:30,1797.2,31.171406729162065,31.171406729162065
2022/02/24 23:44:40,1802.2,30.000064373154487,30.000064373154487
2022/02/24 23:44:50,1807.1,29.39989555872744,29.39989555872744
2022/02/24 23:45:00,1812.0,29.417836690065574,29.417836690065574
2022/02/24 23:45:10,1817.0,30.00871577681525,30.00871577681525
2022/02/24 23:45:20,1822.0,29.982750088158195,29.982750088158195
2022/02/24 23:45:30,1826.8,28.819269857958673,28.819269857958673
2022/02/24 23:45:40,1831.8,29.98399539735422,29.98399539735422
2022/02/24 23:45:50,1836.9,30.58720083327793,30.58720083327793
2022/02/24 23:46:00,1842.0,30.622015005122222,30.622015005122222
2022/02/24 23:46:10,1846.9,29.379566080530207,29.379566080530207
2022/02/24 23:46:20,1851.9,30.02785071011364,30.02785071011364
2022/02/24 23:46:30,1857.0,30.59986357272837,30.59986357272837
2022/02/24 23:46:40,1861.9,29.38017087275879,29.38017087275879
2022/02/24 23:46:50,1866.9,30.019268482830398,30.019268482830398
2022/02/24 23:47:00,1872.0,30.57162016385263,30.57162016385263
2022/02/24 23:47:10,1876.8,28.81267418476814,28.81267418476814
2022/02/24 23:47:20,1881.8,29.986217634593018,29.986217634593018
2022/02/24 23:47:30,1886.8,29.999987125402253,29.999987125402253
2022/02/24 23:47:40,1891.8,30.00001716614752,30.00001716614752
2022/02/24 23:47:50,1896.8,29.999834776834643,29.999834776834643
2022/02/24 23:48:00,1901.8,30.00018596764449,30.00018596764449
2022/02/24 23:48:10,1906.7,29.399908876702046,29.399908876702046
2022/02/24 23:48:20,1911.6,29.399997897147465,29.399997897147465
2022/02/24 23:48:30,1916.5,29.400073600000166,29.400073600000166
2022/02/24 23:48:40,1921.6,30.59997665407,30.59997665407
2022/02/24 23:48:50,1926.4,28.799949874966263,28.799949874966263
2022/02/24 23:49:00,1931.2,28.80007072466071,28.80007072466071
2022/02/24 23:49:10,1936.2,29.999953508449124,29.999953508449124
2022/02/24 23:49:20,1941.4,31.199727747432135,31.199727747432135
2022/02/24 23:49:30,1946.6,31.225880462705593,31.225880462705593
2022/02/24 23:49:40,1951.6,29.975036906262975,29.975036906262975
2022/02/24 23:49:50,1956.6,30.030129621380016,30.030129621380016
2022/02/24 23:50:00,1961.5,29.371413616022817,29.371413616022817
2022/02/24 23:50:10,1966.6,30.628018881904502,30.628018881904502
2022/02/24 23:50:20,1971.4,28.801916555146008,28.801916555146008
2022/02/24 23:50:30,1976.5,30.59947399566713,30.59947399566713
2022/02/24 23:50:40,1981.4,29.371200942755966,29.371200942755966
2022/02/24 23:50:50,1986.4,29.999937772879928,29.999937772879928
2022/02/24 23:51:00,1991.4,30.000115871876986,30.000115871876986
2022/02/24 23:51:10,1996.2,28.79996635440915,28.79996635440915
2022/02/24 23:51:20,2001.1,29.400026636146972,29.400026636146972
2022/02/24 23:51:30,2006.3,31.19993230834416,31.19993230834416
2022/02/24 23:51:40,2011.4,30.60005325803571,30.60005325803571
2022/02/24 23:51:50,2016.6,31.230099792100187,31.230099792100187
2022/02/24 23:52:00,2017.5,5.394753680042449,0
2022/02/24 23:52:10,2017.4,-0.6000004005429346,0
2022/02/24 23:52:20,2017.4,0.0,0
2022/02/24 23:52:30,2017.4,0.0,0
2022/02/24 23:52:40,2017.4,0.0,0
2022/02/24 23:52:50,2017.4,0.0,0
2022/02/24 23:53:00,2017.4,0.0,0
2022/02/24 23:53:10,2017.4,0.0,0
2022/02/24 23:53:20,2017.3,-0.6000126889059398,0
2022/02/24 23:53:30,2017.4,0.5999881555996298,0
2022/02/24 23:53:40,2017.4,0.0,0
2022/02/24 23:53:50,2017.4,0.0,0.0
2022/02/24 23:54:00,2022.0,27.600032901802592,27.600032901802592
2022/02/24 23:54:10,2027.5,32.99958851850521,32.99958851850521
2022/02/24 23:54:20,2032.7,31.20022688076997,31.20022688076997
2022/02/24 23:54:30,2037.8,30.600151019841153,30.600151019841153
2022/02/24 23:54:40,2042.7,29.423881143615574,29.423881143615574
2022/02/24 23:54:50,2047.7,29.975420364556356,29.975420364556356
2022/02/24 23:55:00,2052.7,30.00018239132053,30.00018239132053
2022/02/24 23:55:10,2057.7,30.000562916827572,30.000562916827572
2022/02/24 23:55:20,2062.8,30.59952214510647,30.59952214510647
2022/02/24 23:55:30,2067.7,29.3999978971461,29.3999978971461
2022/02/24 23:55:40,2072.7,29.999649528783106,29.999649528783106
2022/02/24 23:55:50,2077.6,29.400269868467383,29.400269868467383
2022/02/24 23:56:00,2082.6,29.999964237255767,29.999964237255767
2022/02/24 23:56:10,2087.5,29.400121965914845,29.400121965914845
2022/02/24 23:56:20,2092.5,30.02922016531484,30.02922016531484
2022/02/24 23:56:30,2097.6,30.57023371827418,30.57023371827418
2022/02/24 23:56:40,2102.5,29.428850672503128,29.428850672503128
2022/02/24 23:56:50,2107.5,29.969867246826507,29.969867246826507
2022/02/24 23:57:00,2112.5,30.000724571561598,30.000724571561598
2022/02/24 23:57:10,2117.6,30.59996498111863,30.59996498111863
2022/02/24 23:57:20,2122.5,29.400317534062047,29.400317534062047
2022/02/24 23:57:30,2127.1,27.609786479367397,27.609786479367397
2022/02/24 23:57:40,2132.3,31.188654220437364,31.188654220437364
2022/02/24 23:57:50,2137.5,31.199741136790244,31.199741136790244
2022/02/24 23:58:00,2142.5,30.02927821405615,30.02927821405615
2022/02/24 23:58:10,2147.5,30.000725286851903,30.000725286851903
2022/02/24 23:58:20,2152.6,30.569687621398046,30.569687621398046
2022/02/24 23:58:30,2157.7,30.600053258034347,30.600053258034347
2022/02/24 23:58:40,2162.7,29.999989271167777,29.999989271167777
2022/02/24 23:58:50,2167.7,30.00001716614752,30.00001716614752
2022/02/24 23:59:00,2172.7,29.999859095281558,29.999859095281558
2022/02/24 23:59:10,2177.6,29.400167528153947,29.400167528153947
2022/02/24 23:59:20,2182.3,28.20000537872581,28.20000537872581
2022/02/24 23:59:30,2187.5,31.19999925613296,31.19999925613296
2022/02/24 23:59:40,2192.5,29.999934196616504,29.999934196616504
2022/02/24 23:59:50,2197.6,30.59986576139157,30.59986576139157
2022/02/25 00:00:00,2202.6,30.000153065508748,30.000153065508748
2022/02/25 00:00:10,2207.6,29.999947071168823,29.999947071168823
2022/02/25 00:00:20,2212.6,30.0005736460701,30.0005736460701
2022/02/25 00:00:30,2217.5,29.400021729485907,29.400021729485907
2022/02/25 00:00:40,2222.5,29.99937487951172,29.99937487951172
2022/02/25 00:00:50,2227.5,30.000102997179784,30.000102997179784
2022/02/25 00:01:00,2232.6,30.59997665407,30.59997665407
2022/02/25 00:01:10,2237.5,29.399840184127353,29.399840184127353
2022/02/25 00:01:20,2242.5,30.000165940248923,30.000165940248923
2022/02/25 00:01:30,2247.5,30.00001788140409,30.00001788140409
2022/02/25 00:01:40,2252.6,30.599994163513752,30.599994163513752
2022/02/25 00:01:50,2257.6,30.000013589865166,30.000013589865166
2022/02/25 00:02:00,2258.5,5.399988541627948,0
2022/02/25 00:02:10,2258.4,-0.5999995708463188,0
2022/02/25 00:02:20,2258.4,0.0,0
2022/02/25 00:02:30,2258.4,0.0,0
2022/02/25 00:02:40,2258.4,0.0,0
2022/02/25 00:02:50,2258.3,-0.5994152052349782,0
2022/02/25 00:03:00,2258.3,0.0,0
2022/02/25 00:03:10,2258.3,0.0,0
2022/02/25 00:03:20,2258.3,0.0,0
2022/02/25 00:03:30,2258.3,0.0,0
2022/02/25 00:03:40,2258.3,0.0,0
2022/02/25 00:03:50,2258.2,-0.599978957916366,-0.599978957916366
2022/02/25 00:04:00,2262.8,27.6010140696233,27.6010140696233
2022/02/25 00:04:10,2268.2,32.40003398898611,32.40003398898611
2022/02/25 00:04:20,2273.3,30.599996352198357,30.599996352198357
2022/02/25 00:04:30,2278.3,30.000002145767365,30.000002145767365
2022/02/25 00:04:40,2283.2,29.428871742325626,29.428871742325626
2022/02/25 00:04:50,2288.2,29.97024985902594,29.97024985902594
2022/02/25 00:05:00,2293.1,29.402283874532845,29.402283874532845
2022/02/25 00:05:10,2298.0,29.39801223843848,29.39801223843848
2022/02/25 00:05:20,2303.0,29.999809743180474,29.999809743180474
2022/02/25 00:05:30,2308.0,30.00053716667681,30.00053716667681
2022/02/25 00:05:40,2313.1,30.63014521036424,30.63014521036424
2022/02/25 00:05:50,2317.9,28.771375448083226,28.771375448083226
2022/02/25 00:06:00,2322.9,30.000025033971696,30.000025033971696
2022/02/25 00:06:10,2327.9,30.03045500359614,30.03045500359614
2022/02/25 00:06:20,2332.8,29.398057794138797,29.398057794138797
2022/02/25 00:06:30,2337.9,30.57098153858141,30.57098153858141
2022/02/25 00:06:40,2342.8,29.3999060729172,29.3999060729172
2022/02/25 00:06:50,2347.9,30.60009849103149,30.60009849103149
2022/02/25 00:07:00,2352.9,29.99995207794215,29.99995207794215
2022/02/25 00:07:10,2357.9,29.999895573025853,29.999895573025853
2022/02/25 00:07:20,2362.9,30.0001695165676,30.0001695165676
2022/02/25 00:07:30,2367.9,29.99994421015624,29.99994421015624
2022/02/25 00:07:40,2372.9,29.999605184029065,29.999605184029065
2022/02/25 00:07:50,2378.0,30.600326117175854,30.600326117175854
2022/02/25 00:08:00,2383.0,30.000073671521857,30.000073671521857
2022/02/25 00:08:10,2388.0,29.999982118617226,29.999982118617226
2022/02/25 00:08:20,2393.1,30.63065326309305,30.63065326309305
2022/02/25 00:08:30,2398.0,29.370598618408007,29.370598618408007
2022/02/25 00:08:40,2403.0,30.000050783243314,30.000050783243314
2022/02/25 00:08:50,2408.0,29.999907017042347,29.999907017042347
2022/02/25 00:09:00,2413.0,30.028729984892934,30.028729984892934
2022/02/25 00:09:10,2416.6,21.579308722998245,21.579308722998245
2022/02/25 00:09:20,2416.5,-0.6000007295611934,-0.6000007295611934
2022/02/25 00:09:30,2416.5,0.0,0.0
2022/02/25 00:09:40,2416.5,0.0,0.0
2022/02/25 00:09:50,2416.5,0.0,0.0
2022/02/25 00:10:00,2416.4,-0.5999965238767102,-0.5999965238767102
2022/02/25 00:10:10,2416.4,0.0,0.0
2022/02/25 00:10:20,2416.4,0.0,0.0
2022/02/25 00:10:30,2416.4,0.0,0.0
2022/02/25 00:10:40,2416.4,0.0,0.0
2022/02/25 00:10:50,2416.3,-0.5999888136082857,-0.5999888136082857
2022/02/25 00:11:00,2416.3,0.0,0.0
2022/02/25 00:11:10,2416.3,0.0,0.0
2022/02/25 00:11:20,2416.2,-0.5999896289732587,-0.5999896289732587
2022/02/25 00:11:30,2416.3,0.5999993848828793,0.5999993848828793
2022/02/25 00:11:40,2416.2,-0.6000006294278919,-0.6000006294278919
2022/02/25 00:11:50,2416.2,0.0,0.0
2022/02/25 00:12:00,2416.2,0.0,0
2022/02/25 00:12:10,2416.2,0.0,0
2022/02/25 00:12:20,2416.1,-0.6000003290172738,0
2022/02/25 00:12:30,2416.1,0.0,0
2022/02/25 00:12:40,2416.1,0.0,0
2022/02/25 00:12:50,2416.1,0.0,0
2022/02/25 00:13:00,2416.1,0.0,0
2022/02/25 00:13:10,2416.1,0.0,0
2022/02/25 00:13:20,2416.0,-0.6005740693942849,0
2022/02/25 00:13:30,2415.9,-0.5994324811970896,0
2022/02/25 00:13:40,2415.9,0.0,0
2022/02/25 00:13:50,2415.9,0.0,0.0
2022/02/25 00:14:00,2415.9,0.0,0.0
2022/02/25 00:14:10,2415.9,0.0,0.0
2022/02/25 00:14:20,2415.9,0.0,0.0
2022/02/25 00:14:30,2415.8,-0.6000000286096852,-0.6000000286096852
2022/02/25 00:14:40,2415.8,0.0,0.0
2022/02/25 00:14:50,2415.8,0.0,0.0
2022/02/25 00:15:00,2415.8,0.0,0.0
2022/02/25 00:15:10,2415.8,0.0,0.0
2022/02/25 00:15:20,2415.8,0.0,0.0
2022/02/25 00:15:30,2415.8,0.0,0.0
2022/02/25 00:15:40,2415.7,-0.5994458886037944,-0.5994458886037944
2022/02/25 00:15:50,2415.7,0.0,0.0
2022/02/25 00:16:00,2415.7,0.0,0.0
2022/02/25 00:16:10,2415.7,0.0,0.0
2022/02/25 00:16:20,2415.7,0.0,0.0
2022/02/25 00:16:30,2415.7,0.0,0.0
2022/02/25 00:16:40,2415.7,0.0,0.0
2022/02/25 00:16:50,2415.6,-0.6000038624052992,-0.6000038624052992
2022/02/25 00:17:00,2415.6,0.0,0.0
2022/02/25 00:17:10,2415.6,0.0,0.0
2022/02/25 00:17:20,2415.6,0.0,0.0
2022/02/25 00:17:30,2415.6,0.0,0.0
2022/02/25 00:17:40,2415.5,-0.5993950464456314,-0.5993950464456314
2022/02/25 00:17:50,2415.5,0.0,0.0
2022/02/25 00:18:00,2415.5,0.0,0.0
2022/02/25 00:18:10,2415.5,0.0,0.0
2022/02/25 00:18:20,2415.5,0.0,0.0
                                    